{"id":1652175,"items":[{"id":1652176,"status":2,"title":"home 1","order":0,"templateKey":null,"pageLinks":[]}],"metaTags":null,"order":"0","headHtml":null,"customCss":null,"headerHtml":"<section class=\"u-clearfix u-header u-block-37a4-1\" custom-posts-hash=\"[]\" data-style=\"header-imglogo-menu\" data-post-id=\"post10\" data-section-properties=\"{&quot;grid-spacing&quot;:&quot;0&quot;,&quot;align&quot;:&quot;left&quot;,&quot;stretch&quot;:true}\" id=\"sec-cb5b\" data-source=\"\" data-id=\"37a4\">\n  <div class=\"u-clearfix u-sheet u-block-37a4-2\">\n    <a href=\"https://nicepage.com\" class=\"u-image u-logo u-block-37a4-8\" data-brightness=\"\" data-image-width=\"489\" data-image-height=\"217\">\n      <img src=\"np://user.desktop.nicepage.com/Site_1652175/images/GSI_Logo.png\" class=\"u-logo-image u-block-37a4-10\">\n    </a>\n    \n  </div>\n  <style data-mode=\"XL\" data-visited=\"true\">@media (min-width: 1200px){ .u-block-37a4-1 {background-image: none}\n.u-block-37a4-2 {min-height: 116px}\n.u-block-37a4-8 {width: 147.825px; height: 65.6px; margin-top: 22px; margin-right: auto; margin-bottom: 28.4px; margin-left: -16.25px}\n.u-block-37a4-10 {width: 100%; height: 100%} }</style>\n  <style data-mode=\"LG\" data-visited=\"true\">@media (max-width: 1199px) and (min-width: 992px){ .u-block-37a4-1 {background-image: none}\n.u-block-37a4-2 {min-height: 116px}\n.u-block-37a4-8 {margin-top: 22px; margin-right: auto; margin-bottom: 28.4px; margin-left: -16px; width: 148px; height: 65.6px}\n.u-block-37a4-10 {width: 100%; height: 100%} }</style>\n  <style data-mode=\"MD\" data-visited=\"true\">@media (max-width: 991px) and (min-width: 768px){ .u-block-37a4-1 {background-image: none}\n.u-block-37a4-2 {min-height: 116px}\n.u-block-37a4-8 {margin-top: 22px; margin-right: auto; margin-bottom: 28.4px; margin-left: -16px; width: 148px; height: 65.6px}\n.u-block-37a4-10 {width: 100%; height: 100%} }</style>\n  <style data-mode=\"SM\" data-visited=\"true\">@media (max-width: 767px) and (min-width: 576px){ .u-block-37a4-1 {background-image: none}\n.u-block-37a4-2 {min-height: 116px}\n.u-block-37a4-8 {margin-top: 22px; margin-right: auto; margin-bottom: 28.4px; margin-left: -16px; width: 148px; height: 65.6px}\n.u-block-37a4-10 {width: 100%; height: 100%} }</style>\n  <style data-mode=\"XS\" data-visited=\"true\">@media (max-width: 575px){ .u-block-37a4-1 {background-image: none}\n.u-block-37a4-2 {min-height: 116px}\n.u-block-37a4-8 {margin-top: 22px; margin-right: auto; margin-bottom: 28.4px; margin-left: -16px; width: 148px; height: 65.6px}\n.u-block-37a4-10 {width: 100%; height: 100%} }</style>\n</section>","footerHtml":"<section class=\"u-align-center u-clearfix u-footer u-grey-80 u-block-b9f2-1\" custom-posts-hash=\"T\" data-style=\"footer-1-text\" data-post-id=\"post6\" data-section-properties=\"{&quot;grid-spacing&quot;:&quot;30&quot;,&quot;spacingAdditional&quot;:&quot;none&quot;,&quot;align&quot;:&quot;&quot;,&quot;stretch&quot;:true}\" id=\"sec-a336\" data-source=\"\" data-id=\"b9f2\">\n  \n  <style data-mode=\"XL\" data-visited=\"true\">@media (min-width: 1200px){ .u-block-b9f2-1 {background-image: none}\n.u-block-b9f2-16 {min-height: 342px}\n.u-block-b9f2-7 {margin-top: 80px; margin-bottom: 0px}\n.u-block-b9f2-8 {background-image: none; min-height: 192px}\n.u-block-b9f2-9 {padding-top: 0px; padding-bottom: 0px; padding-left: 0px; padding-right: 0px}\n.u-block-b9f2-11 {margin-top: auto; margin-left: 20px; margin-right: 20px; margin-bottom: 0px}\n.u-block-b9f2-12 {background-image: none; min-height: 70px}\n.u-block-b9f2-13 {padding-top: 3.2px; padding-left: 0px; padding-right: 0px; padding-bottom: 0px}\n.u-block-b9f2-15 {font-size: 1.125rem; margin-top: 3px; margin-left: 15px; margin-right: 15px; margin-bottom: -43.3px}\n.u-block-b9f2-19 {margin-top: -342.3px; margin-bottom: 60px}\n.u-block-b9f2-20 {min-height: 222px}\n.u-block-b9f2-21 {padding-top: 30px; padding-bottom: 30px; padding-left: 18.025px; padding-right: 18.025px}\n.u-block-b9f2-17 {width: 272.75px; height: 121.025px; margin-top: 30.45px; margin-left: auto; margin-right: auto; margin-bottom: 0px}\n.u-block-b9f2-18 {width: 100%; height: 100%}\n.u-block-b9f2-22 {min-height: 222px}\n.u-block-b9f2-23 {padding-top: 30px; padding-bottom: 30px; padding-left: 16.3px; padding-right: 16.3px}\n.u-block-b9f2-24 {border-style: none; font-weight: 700; text-transform: uppercase; font-size: 0.875rem; letter-spacing: 1px; margin-top: 0px; margin-left: auto; margin-right: auto; margin-bottom: -0.0002px} }</style>\n  <style data-mode=\"LG\">@media (max-width: 1199px) and (min-width: 992px){ .u-block-b9f2-1 {background-image: none}\n.u-block-b9f2-16 {min-height: 206px}\n.u-block-b9f2-7 {margin-top: 80px; margin-bottom: 0px}\n.u-block-b9f2-8 {background-image: none; min-height: 158px}\n.u-block-b9f2-9 {padding-top: 0px; padding-right: 0px; padding-bottom: 0px; padding-left: 0px}\n.u-block-b9f2-11 {margin-top: auto; margin-right: 0px; margin-bottom: 0px; margin-left: 0px}\n.u-block-b9f2-12 {background-image: none; min-height: 58px}\n.u-block-b9f2-13 {padding-top: 3.2px; padding-bottom: 0px; padding-left: 0px; padding-right: 0px}\n.u-block-b9f2-15 {font-size: 1.125rem; margin-top: 3px; margin-left: 0px; margin-right: 0px; margin-bottom: -43.3px}\n.u-block-b9f2-19 {margin-top: -342px; margin-bottom: 60px}\n.u-block-b9f2-20 {min-height: 183px}\n.u-block-b9f2-21 {padding-top: 30px; padding-bottom: 30px; padding-left: 18.025px; padding-right: 18.025px}\n.u-block-b9f2-17 {width: 273px; height: 121.025px; margin-top: 30.45px; margin-left: auto; margin-right: auto; margin-bottom: 0px}\n.u-block-b9f2-18 {width: 100%; height: 100%}\n.u-block-b9f2-22 {min-height: 183px}\n.u-block-b9f2-23 {padding-top: 30px; padding-bottom: 30px; padding-left: 16.3px; padding-right: 16.3px}\n.u-block-b9f2-24 {border-style: none; font-weight: 700; text-transform: uppercase; font-size: 0.875rem; letter-spacing: 1px; margin-top: 0px; margin-left: auto; margin-right: auto; margin-bottom: -0.0002px} }</style>\n  <style data-mode=\"MD\">@media (max-width: 991px) and (min-width: 768px){ .u-block-b9f2-1 {background-image: none}\n.u-block-b9f2-16 {min-height: 68px}\n.u-block-b9f2-7 {margin-top: 80px; margin-bottom: 0px}\n.u-block-b9f2-8 {background-image: none; min-height: 100px}\n.u-block-b9f2-9 {padding-top: 0px; padding-right: 0px; padding-bottom: 0px; padding-left: 0px}\n.u-block-b9f2-11 {margin-top: auto; margin-right: 0px; margin-bottom: 0px; margin-left: 0px}\n.u-block-b9f2-12 {background-image: none; min-height: 100px}\n.u-block-b9f2-13 {padding-top: 3.2px; padding-bottom: 0px; padding-left: 0px; padding-right: 0px}\n.u-block-b9f2-15 {font-size: 1.125rem; margin-top: 3px; margin-left: 0px; margin-right: 0px; margin-bottom: -43.3px}\n.u-block-b9f2-19 {margin-top: -342px; margin-bottom: 60px}\n.u-block-b9f2-20 {min-height: 140px}\n.u-block-b9f2-21 {padding-top: 30px; padding-bottom: 30px; padding-left: 18.025px; padding-right: 18.025px}\n.u-block-b9f2-17 {width: 273px; height: 121.025px; margin-top: 30.45px; margin-left: auto; margin-right: auto; margin-bottom: 0px}\n.u-block-b9f2-18 {width: 100%; height: 100%}\n.u-block-b9f2-22 {min-height: 100px}\n.u-block-b9f2-23 {padding-top: 30px; padding-bottom: 30px; padding-left: 16.3px; padding-right: 16.3px}\n.u-block-b9f2-24 {border-style: none; font-weight: 700; text-transform: uppercase; font-size: 0.875rem; letter-spacing: 1px; margin-top: 0px; margin-left: auto; margin-right: auto; margin-bottom: -0.0002px} }</style>\n  <style data-mode=\"SM\">@media (max-width: 767px) and (min-width: 576px){ .u-block-b9f2-1 {background-image: none}\n.u-block-b9f2-16 {min-height: 68px}\n.u-block-b9f2-7 {margin-top: 80px; margin-bottom: 0px}\n.u-block-b9f2-8 {background-image: none; min-height: 100px}\n.u-block-b9f2-9 {padding-top: 0px; padding-right: 0px; padding-bottom: 0px; padding-left: 0px}\n.u-block-b9f2-11 {margin-top: auto; margin-right: 0px; margin-bottom: 0px; margin-left: 0px}\n.u-block-b9f2-12 {background-image: none; min-height: 100px}\n.u-block-b9f2-13 {padding-top: 3.2px; padding-bottom: 0px; padding-left: 0px; padding-right: 0px}\n.u-block-b9f2-15 {font-size: 1.125rem; margin-top: 3px; margin-left: 0px; margin-right: 0px; margin-bottom: -43.3px}\n.u-block-b9f2-19 {margin-top: -342px; margin-bottom: 60px}\n.u-block-b9f2-20 {min-height: 210px}\n.u-block-b9f2-21 {padding-top: 30px; padding-bottom: 30px; padding-left: 10px; padding-right: 10px}\n.u-block-b9f2-17 {width: 273px; height: 121.025px; margin-top: 30.45px; margin-left: auto; margin-right: auto; margin-bottom: 0px}\n.u-block-b9f2-18 {width: 100%; height: 100%}\n.u-block-b9f2-22 {min-height: 100px}\n.u-block-b9f2-23 {padding-top: 30px; padding-bottom: 30px; padding-left: 10px; padding-right: 10px}\n.u-block-b9f2-24 {border-style: none; font-weight: 700; text-transform: uppercase; font-size: 0.875rem; letter-spacing: 1px; margin-top: 0px; margin-left: auto; margin-right: auto; margin-bottom: -0.0002px} }</style>\n  <style data-mode=\"XS\">@media (max-width: 575px){ .u-block-b9f2-1 {background-image: none}\n.u-block-b9f2-16 {min-height: 68px}\n.u-block-b9f2-7 {margin-top: 80px; margin-bottom: 0px}\n.u-block-b9f2-8 {background-image: none; min-height: 100px}\n.u-block-b9f2-9 {padding-top: 0px; padding-right: 0px; padding-bottom: 0px; padding-left: 0px}\n.u-block-b9f2-11 {margin-top: auto; margin-right: 0px; margin-bottom: 0px; margin-left: 0px}\n.u-block-b9f2-12 {background-image: none; min-height: 100px}\n.u-block-b9f2-13 {padding-top: 3.2px; padding-bottom: 0px; padding-left: 0px; padding-right: 0px}\n.u-block-b9f2-15 {font-size: 1.125rem; margin-top: 3px; margin-left: 0px; margin-right: 0px; margin-bottom: -43.3px}\n.u-block-b9f2-19 {margin-top: -342px; margin-bottom: 60px}\n.u-block-b9f2-20 {min-height: 132px}\n.u-block-b9f2-21 {padding-top: 30px; padding-bottom: 30px; padding-left: 10px; padding-right: 10px}\n.u-block-b9f2-17 {width: 273px; height: 121.025px; margin-top: 30.45px; margin-left: auto; margin-right: auto; margin-bottom: 0px}\n.u-block-b9f2-18 {width: 100%; height: 100%}\n.u-block-b9f2-22 {min-height: 100px}\n.u-block-b9f2-23 {padding-top: 30px; padding-bottom: 30px; padding-left: 10px; padding-right: 10px}\n.u-block-b9f2-24 {border-style: none; font-weight: 700; text-transform: uppercase; font-size: 0.875rem; letter-spacing: 1px; margin-top: 0px; margin-left: auto; margin-right: auto; margin-bottom: -0.0002px} }</style>\n<div class=\"u-clearfix u-sheet u-block-b9f2-16\"><div class=\"u-clearfix u-expanded-width u-gutter-0 u-layout-wrap u-block-b9f2-7\">\n                <div class=\"u-gutter-0 u-layout\">\n                    <div class=\"u-layout-row\">\n                        <div class=\"u-size-60\">\n                            <div class=\"u-layout-col\">\n                                <div class=\"u-container-style u-layout-cell u-left-cell u-size-30 u-block-b9f2-8\">\n                                    <div class=\"u-container-layout u-valign-bottom u-block-b9f2-9\">\n                                        \n                                        \n                                    <p class=\"u-align-center u-text u-block-b9f2-11\">801 W. Riverside, Suite 100 | Spokane, WA 99201<br>(509) 624-1393 | (800) 776-5263</p></div>\n                                </div>\n                                <div class=\"u-align-left u-container-style u-layout-cell u-left-cell u-size-30 u-block-b9f2-12\">\n                                    <div class=\"u-container-layout u-block-b9f2-13\">\n                                        \n                                        \n                                        <p class=\"u-align-center u-text u-block-b9f2-15\">© 2022 Greater Spokane Inc.&nbsp;<br>Website Design by Gonzaga University Design Team CS07</p>\n                                    </div>\n                                </div>\n                            </div>\n                        </div>\n                        \n                </div>\n            </div>\n        </div><div class=\"u-clearfix u-expanded-width u-layout-wrap u-block-b9f2-19\"><div class=\"u-layout\">  <div class=\"u-layout-row\"><div class=\"u-container-style u-layout-cell u-size-30 u-block-b9f2-20\"><div class=\"u-container-layout u-block-b9f2-21\">\n<a href=\"https://nicepage.com/website-design\" class=\"u-image u-logo u-block-b9f2-17\" data-image-width=\"489\" data-image-height=\"217\">\n    <img src=\"np://user.desktop.nicepage.com/Site_1652175/images/GSI_Logo.png\" class=\"u-logo-image u-block-b9f2-18\">\n</a></div></div>\n<div class=\"u-container-style u-layout-cell u-size-30 u-block-b9f2-22\"><div class=\"u-container-layout u-valign-middle u-block-b9f2-23\">\n<a href=\"https://advantagespokane.com/\" class=\"u-btn u-btn-round u-button-style u-hover-palette-1-light-1 u-palette-1-base u-radius-50 u-block-b9f2-24\" target=\"_blank\">Visit Advantage Spokane</a></div></div>  </div></div></div></div></section>","hideBacklink":null,"homePageId":1652176,"dateUpdated":1648235869377,"settings":"{\"id\":0,\"colorScheme\":{\"bodyColors\":[\"#111111\",\"#ffffff\"],\"bgColor\":\"#ffffff\",\"colors\":[\"#9161a9\",\"#d1e05e\",\"#27b2e7\",\"#515151\",\"#ffffff\"],\"customColors\":[{\"color\":\"#ababab\",\"status\":0,\"transparency\":1,\"index\":0}],\"shadingContrast\":\"body-alt-color\",\"whiteContrast\":\"body-color\",\"bgContrast\":\"body-color\",\"name\":\"u10\"},\"fontScheme\":{\"name\":\"Montserrat-OpenSans\",\"isDefault\":true,\"fonts\":{\"heading\":\"Montserrat, sans-serif\",\"text\":\"Open Sans, sans-serif\",\"accent\":\"Arial, sans-serif\",\"headingTitle\":\"Montserrat\",\"textTitle\":\"Open Sans\"}},\"typography\":{\"name\":\"custom-page-typography-1\",\"title\":{\"font-weight\":\"400\",\"font-size\":4.5,\"line-height\":\"1_1\",\"margin-top\":20,\"margin-bottom\":20,\"SM\":{\"font-size\":3.75},\"XS\":{\"font-size\":3}},\"subtitle\":{\"font-weight\":\"400\",\"font-size\":2.25,\"line-height\":\"1_1\",\"margin-top\":20,\"margin-bottom\":20,\"XS\":{\"font-size\":1.5}},\"h1\":{\"font-weight\":\"400\",\"font-size\":3,\"line-height\":\"1_1\",\"margin-top\":20,\"margin-bottom\":20,\"XS\":{\"font-size\":1.875}},\"h2\":{\"font-weight\":\"400\",\"font-size\":2.25,\"line-height\":\"1_1\",\"margin-top\":20,\"margin-bottom\":20,\"XS\":{\"font-size\":1.5}},\"h3\":{\"font-weight\":\"400\",\"font-size\":1.875,\"line-height\":\"1_2\",\"margin-top\":20,\"margin-bottom\":20,\"XS\":{\"font-size\":1.5}},\"h4\":{\"font-weight\":\"400\",\"font-size\":1.5,\"line-height\":\"1_2\",\"margin-top\":20,\"margin-bottom\":20},\"h5\":{\"font-weight\":\"400\",\"font-size\":1.25,\"line-height\":\"1_2\",\"margin-top\":20,\"margin-bottom\":20},\"h6\":{\"font-weight\":\"400\",\"font-size\":1.125,\"line-height\":\"1_2\",\"margin-top\":20,\"margin-bottom\":20},\"largeText\":{\"font-size\":1.25,\"margin-top\":20,\"margin-bottom\":20},\"smallText\":{\"font-size\":0.875,\"margin-top\":20,\"margin-bottom\":20},\"text\":{\"margin-top\":20,\"margin-bottom\":20,\"font-size\":0,\"font-weight\":700,\"font-style\":\"\",\"text-decoration\":\"\",\"text-transform\":\"\",\"line-height\":1.6,\"letter-spacing\":\"\",\"text-color\":\"custom-color-1\",\"border-color\":\"\",\"border-style\":\"\",\"color\":\"\",\"border\":\"\",\"button-shape\":\"\",\"border-radius\":\"\",\"underline\":\"\",\"gradient\":\"\",\"list-icon-src\":\"\",\"list-icon-spacing\":\"0.3\",\"list-icon-size\":\"0.8\",\"font\":\"\"},\"hyperlink\":{\"text-color\":\"palette-1-base\"},\"link\":{},\"button\":{\"color\":\"palette-1-base\",\"margin-top\":20,\"margin-bottom\":20},\"blockquote\":{\"font-style\":\"italic\",\"indent\":20,\"border\":4,\"border-color\":\"palette-1-base\",\"margin-top\":20,\"margin-bottom\":20},\"metadata\":{\"margin-top\":20,\"margin-bottom\":20},\"list\":{\"margin-top\":20,\"margin-bottom\":20},\"orderedlist\":{\"margin-top\":20,\"margin-bottom\":20},\"postContent\":{\"margin-top\":20,\"margin-bottom\":20},\"theme\":{\"gradient\":\"\",\"image\":\"\",\"sheet-width-xl\":1140,\"sheet-width-lg\":940,\"sheet-width-md\":720,\"sheet-width-sm\":540,\"sheet-width-xs\":340},\"htmlBaseSize\":16},\"backToTop\":\"<span style=\\\"height: 64px; width: 64px; margin-left: 0px; margin-right: auto; margin-top: 0px; background-image: none; right: 20px; bottom: 20px\\\" class=\\\"u-back-to-top u-icon u-icon-circle u-opacity u-opacity-85 u-palette-1-base u-spacing-15\\\" data-href=\\\"#\\\">\\n        <svg class=\\\"u-svg-link\\\" preserveAspectRatio=\\\"xMidYMin slice\\\" viewBox=\\\"0 0 551.13 551.13\\\">\\n            <use xmlns:xlink=\\\"http://www.w3.org/1999/xlink\\\" xlink:href=\\\"#svg-1d98\\\"></use>\\n        </svg>\\n        <svg class=\\\"u-svg-content\\\" enable-background=\\\"new 0 0 551.13 551.13\\\" viewBox=\\\"0 0 551.13 551.13\\\" xmlns=\\\"http://www.w3.org/2000/svg\\\" id=\\\"svg-1d98\\\">\\n            <path d=\\\"m275.565 189.451 223.897 223.897h51.668l-275.565-275.565-275.565 275.565h51.668z\\\"></path>\\n        </svg>\\n    </span>\",\"cookiesSection\":\"<section class=\\\"u-align-center u-block-9d99-1 u-clearfix u-cookies-consent u-grey-80\\\" custom-posts-hash=\\\"T\\\" style=\\\"background-image: none\\\" data-post-id=\\\"1\\\" data-section-properties=\\\"{&quot;stretch&quot;:true}\\\" data-id=\\\"9d99\\\" data-posts-content=\\\"[{'images':[],'maps':[],'videos':[],'icons':[],'textWidth':874,'textHeight':152,'id':1,'headingProp':'h3','textProp':'text'}]\\\" data-style=\\\"cookie-1\\\" id=\\\"sec-c6bc\\\" data-source=\\\"\\\">\\n  <div class=\\\"u-block-9d99-2 u-clearfix u-sheet u-valign-middle\\\" style=\\\"min-height: 212px\\\" data-height-lg=\\\"158\\\" data-height-md=\\\"131\\\" data-height-sm=\\\"106\\\" data-height-xs=\\\"225\\\">\\n    <div class=\\\"u-block-9d99-7 u-clearfix u-expanded-width u-layout-wrap\\\" style=\\\"margin-top: 30px; margin-bottom: 30px\\\">\\n      <div class=\\\"u-gutter-0 u-layout\\\">\\n        <div class=\\\"u-layout-row\\\">\\n          <div class=\\\"u-block-9d99-8 u-container-style u-layout-cell u-left-cell u-size-43-md u-size-43-sm u-size-43-xs u-size-46-lg u-size-46-xl\\\" style=\\\"min-height: 152px\\\">\\n            <div class=\\\"u-block-9d99-9 u-container-layout u-valign-middle\\\" style=\\\"padding-top: 30px; padding-bottom: 30px; padding-left: 60px; padding-right: 60px\\\">\\n              <h3 class=\\\"u-block-9d99-6 u-text u-text-default\\\" style=\\\"margin-top: 0px; margin-right: 20px; margin-bottom: 0px\\\">Cookies &amp; Privacy</h3>\\n              <p class=\\\"u-block-9d99-5 u-text\\\" style=\\\"margin: 8px 158.325px 0px 0px;\\\">This website uses cookies to ensure you get the best experience on our website.</p>\\n            </div>\\n          </div>\\n          <div class=\\\"u-align-left u-block-9d99-10 u-container-style u-layout-cell u-right-cell u-size-14-lg u-size-14-xl u-size-17-md u-size-17-sm u-size-17-xs\\\" style=\\\"min-height: 152px\\\">\\n            <div class=\\\"u-block-9d99-11 u-container-layout u-valign-middle-lg u-valign-middle-md u-valign-middle-xl u-valign-top-sm u-valign-top-xs\\\" style=\\\"padding-top: 30px; padding-bottom: 30px; padding-left: 30px; padding-right: 30px\\\">\\n              <a href=\\\"###\\\" class=\\\"u-block-9d99-3 u-btn u-button-confirm u-button-style u-palette-1-base\\\" style=\\\"margin-top: 0px; margin-right: auto; margin-bottom: 0px; margin-left: 0px\\\">Confirm</a>\\n            </div>\\n          </div>\\n        </div>\\n      </div>\\n    </div>\\n  </div>\\n  <style data-mode=\\\"XL\\\" data-visited=\\\"true\\\">@media (max-width: 0px) { .u-block-9d99-1 {background-image: none}\\n.u-block-9d99-2 {min-height: 212px}\\n.u-block-9d99-7 {margin-top: 30px; margin-bottom: 30px}\\n.u-block-9d99-8 {min-height: 152px}\\n.u-block-9d99-9 {padding-top: 30px; padding-bottom: 30px; padding-left: 60px; padding-right: 60px}\\n.u-block-9d99-6 {margin-top: 0px; margin-right: 20px; margin-bottom: 0px}\\n.u-block-9d99-5 {margin-top: 8px; margin-right: 158.325px; margin-bottom: 0px; margin-left: 0px}\\n.u-block-9d99-10 {min-height: 152px}\\n.u-block-9d99-11 {padding-top: 30px; padding-bottom: 30px; padding-left: 30px; padding-right: 30px}\\n.u-block-9d99-3 {margin-top: 0px; margin-right: auto; margin-bottom: 0px; margin-left: 0px} }</style>\\n  <style data-mode=\\\"LG\\\">@media (max-width: 0px) { .u-block-9d99-1 {background-image: none}\\n.u-block-9d99-2 {min-height: 131px}\\n.u-block-9d99-7 {margin-top: 30px; margin-bottom: 30px}\\n.u-block-9d99-8 {min-height: 125px}\\n.u-block-9d99-9 {padding-top: 30px; padding-bottom: 30px; padding-left: 60px; padding-right: 60px}\\n.u-block-9d99-6 {margin-top: 0px; margin-right: 0px; margin-bottom: 0px}\\n.u-block-9d99-5 {margin-top: 8px; margin-right: 5px; margin-bottom: 0px; margin-left: 0px}\\n.u-block-9d99-10 {min-height: 125px}\\n.u-block-9d99-11 {padding-top: 30px; padding-bottom: 30px; padding-left: 30px; padding-right: 30px}\\n.u-block-9d99-3 {margin-top: 0px; margin-right: auto; margin-bottom: 0px; margin-left: 0px} }</style>\\n  <style data-mode=\\\"MD\\\" data-visited=\\\"true\\\">@media (max-width: 0px) { .u-block-9d99-1 {background-image: none}\\n.u-block-9d99-2 {min-height: 106px}\\n.u-block-9d99-7 {margin-top: 30px; margin-bottom: 30px}\\n.u-block-9d99-8 {min-height: 100px}\\n.u-block-9d99-9 {padding-top: 30px; padding-bottom: 30px; padding-left: 30px; padding-right: 30px}\\n.u-block-9d99-6 {margin-top: 0px; margin-right: 0px; margin-bottom: 0px}\\n.u-block-9d99-5 {margin-top: 8px; margin-right: 0px; margin-bottom: 0px; margin-left: 0px}\\n.u-block-9d99-10 {min-height: 100px}\\n.u-block-9d99-11 {padding-top: 30px; padding-bottom: 30px; padding-left: 30px; padding-right: 30px}\\n.u-block-9d99-3 {margin-top: 0px; margin-right: auto; margin-bottom: 0px; margin-left: 0px} }</style>\\n  <style data-mode=\\\"SM\\\" data-visited=\\\"true\\\">@media (max-width: 0px) { .u-block-9d99-1 {background-image: none}\\n.u-block-9d99-2 {min-height: 225px}\\n.u-block-9d99-7 {margin-top: 30px; margin-bottom: 30px}\\n.u-block-9d99-8 {min-height: 154px}\\n.u-block-9d99-9 {padding-top: 30px; padding-left: 10px; padding-right: 10px; padding-bottom: 20px}\\n.u-block-9d99-6 {margin-top: 0px; margin-right: 0px; margin-bottom: 0px}\\n.u-block-9d99-5 {margin-top: 8px; margin-right: 0px; margin-bottom: 0px; margin-left: 0px}\\n.u-block-9d99-10 {min-height: 65px}\\n.u-block-9d99-11 {padding-top: 10px; padding-bottom: 10px; padding-left: 10px; padding-right: 10px}\\n.u-block-9d99-3 {margin-top: 0px; margin-right: auto; margin-bottom: 0px; margin-left: 0px} }</style>\\n  <style data-mode=\\\"XS\\\" data-visited=\\\"true\\\">@media (max-width: 0px) { .u-block-9d99-1 {background-image: none}\\n.u-block-9d99-2 {min-height: 121px}\\n.u-block-9d99-7 {margin-top: 30px; margin-bottom: 30px}\\n.u-block-9d99-8 {min-height: 100px}\\n.u-block-9d99-9 {padding-top: 30px; padding-bottom: 20px; padding-left: 10px; padding-right: 10px}\\n.u-block-9d99-6 {margin-top: 0px; margin-right: 0px; margin-bottom: 0px}\\n.u-block-9d99-5 {margin-top: 8px; margin-right: 0px; margin-bottom: 0px; margin-left: 0px}\\n.u-block-9d99-10 {min-height: 15px}\\n.u-block-9d99-11 {padding-top: 10px; padding-bottom: 10px; padding-left: 10px; padding-right: 10px}\\n.u-block-9d99-3 {margin-top: 0px; margin-right: auto; margin-bottom: 0px; margin-left: 0px} }</style>\\n</section>\",\"themeBackLinks\":\"\",\"blog\":\"{\\\"posts\\\":{\\\"items\\\":[]}}\",\"publishNicePageCss\":null,\"cookiesConsent\":{\"publishCookiesSection\":\"<section class=\\\"u-align-center u-clearfix u-cookies-consent u-grey-80 u-cookies-consent\\\" id=\\\"sec-c6bc\\\">\\n      <div class=\\\"u-clearfix u-sheet u-valign-middle u-sheet-1\\\">\\n        <div class=\\\"u-clearfix u-expanded-width u-layout-wrap u-layout-wrap-1\\\">\\n          <div class=\\\"u-gutter-0 u-layout\\\">\\n            <div class=\\\"u-layout-row\\\">\\n              <div class=\\\"u-container-style u-layout-cell u-left-cell u-size-43-md u-size-43-sm u-size-43-xs u-size-46-lg u-size-46-xl u-layout-cell-1\\\">\\n                <div class=\\\"u-container-layout u-valign-middle u-container-layout-1\\\">\\n                  <h3 class=\\\"u-text u-text-default u-text-1\\\">Cookies &amp; Privacy</h3>\\n                  <p class=\\\"u-text u-text-2\\\">This website uses cookies to ensure you get the best experience on our website.</p>\\n                </div>\\n              </div>\\n              <div class=\\\"u-align-left u-container-style u-layout-cell u-right-cell u-size-14-lg u-size-14-xl u-size-17-md u-size-17-sm u-size-17-xs u-layout-cell-2\\\">\\n                <div class=\\\"u-container-layout u-valign-middle-lg u-valign-middle-md u-valign-middle-xl u-valign-top-sm u-valign-top-xs u-container-layout-2\\\">\\n                  <a href=\\\"###\\\" class=\\\"u-btn u-button-confirm u-button-style u-palette-1-base u-btn-1\\\">Confirm</a>\\n                </div>\\n              </div>\\n            </div>\\n          </div>\\n        </div>\\n      </div>\\n    <style> .u-cookies-consent {\\n  background-image: none;\\n}\\n\\n.u-cookies-consent .u-sheet-1 {\\n  min-height: 212px;\\n}\\n\\n.u-cookies-consent .u-layout-wrap-1 {\\n  margin-top: 30px;\\n  margin-bottom: 30px;\\n}\\n\\n.u-cookies-consent .u-layout-cell-1 {\\n  min-height: 152px;\\n}\\n\\n.u-cookies-consent .u-container-layout-1 {\\n  padding: 30px 60px;\\n}\\n\\n.u-cookies-consent .u-text-1 {\\n  margin-top: 0;\\n  margin-right: 20px;\\n  margin-bottom: 0;\\n}\\n\\n.u-cookies-consent .u-text-2 {\\n  margin: 8px 158px 0 0;\\n}\\n\\n.u-cookies-consent .u-layout-cell-2 {\\n  min-height: 152px;\\n}\\n\\n.u-cookies-consent .u-container-layout-2 {\\n  padding: 30px;\\n}\\n\\n.u-cookies-consent .u-btn-1 {\\n  margin: 0 auto 0 0;\\n}\\n\\n@media (max-width: 1199px) {\\n  .u-cookies-consent .u-sheet-1 {\\n    min-height: 131px;\\n  }\\n\\n  .u-cookies-consent .u-layout-cell-1 {\\n    min-height: 125px;\\n  }\\n\\n  .u-cookies-consent .u-text-1 {\\n    margin-right: 0;\\n  }\\n\\n  .u-cookies-consent .u-text-2 {\\n    margin-right: 5px;\\n  }\\n\\n  .u-cookies-consent .u-layout-cell-2 {\\n    min-height: 125px;\\n  }\\n}\\n\\n@media (max-width: 991px) {\\n  .u-cookies-consent .u-sheet-1 {\\n    min-height: 106px;\\n  }\\n\\n  .u-cookies-consent .u-layout-cell-1 {\\n    min-height: 100px;\\n  }\\n\\n  .u-cookies-consent .u-container-layout-1 {\\n    padding-left: 30px;\\n    padding-right: 30px;\\n  }\\n\\n  .u-cookies-consent .u-text-2 {\\n    margin-right: 0;\\n  }\\n\\n  .u-cookies-consent .u-layout-cell-2 {\\n    min-height: 100px;\\n  }\\n}\\n\\n@media (max-width: 767px) {\\n  .u-cookies-consent .u-sheet-1 {\\n    min-height: 225px;\\n  }\\n\\n  .u-cookies-consent .u-layout-cell-1 {\\n    min-height: 154px;\\n  }\\n\\n  .u-cookies-consent .u-container-layout-1 {\\n    padding-left: 10px;\\n    padding-right: 10px;\\n    padding-bottom: 20px;\\n  }\\n\\n  .u-cookies-consent .u-layout-cell-2 {\\n    min-height: 65px;\\n  }\\n\\n  .u-cookies-consent .u-container-layout-2 {\\n    padding: 10px;\\n  }\\n}\\n\\n@media (max-width: 575px) {\\n  .u-cookies-consent .u-sheet-1 {\\n    min-height: 121px;\\n  }\\n\\n  .u-cookies-consent .u-layout-cell-1 {\\n    min-height: 100px;\\n  }\\n\\n  .u-cookies-consent .u-layout-cell-2 {\\n    min-height: 15px;\\n  }\\n}</style></section>\",\"hideCookies\":true,\"cookieConfirmCode\":\"\",\"cookiesSection\":\"<section class=\\\"u-align-center u-block-9d99-1 u-clearfix u-cookies-consent u-grey-80\\\" custom-posts-hash=\\\"T\\\" style=\\\"background-image: none\\\" data-post-id=\\\"1\\\" data-section-properties=\\\"{&quot;stretch&quot;:true}\\\" data-id=\\\"9d99\\\" data-posts-content=\\\"[{'images':[],'maps':[],'videos':[],'icons':[],'textWidth':874,'textHeight':152,'id':1,'headingProp':'h3','textProp':'text'}]\\\" data-style=\\\"cookie-1\\\" id=\\\"sec-c6bc\\\" data-source=\\\"\\\">\\n  <div class=\\\"u-block-9d99-2 u-clearfix u-sheet u-valign-middle\\\" style=\\\"min-height: 212px\\\" data-height-lg=\\\"158\\\" data-height-md=\\\"131\\\" data-height-sm=\\\"106\\\" data-height-xs=\\\"225\\\">\\n    <div class=\\\"u-block-9d99-7 u-clearfix u-expanded-width u-layout-wrap\\\" style=\\\"margin-top: 30px; margin-bottom: 30px\\\">\\n      <div class=\\\"u-gutter-0 u-layout\\\">\\n        <div class=\\\"u-layout-row\\\">\\n          <div class=\\\"u-block-9d99-8 u-container-style u-layout-cell u-left-cell u-size-43-md u-size-43-sm u-size-43-xs u-size-46-lg u-size-46-xl\\\" style=\\\"min-height: 152px\\\">\\n            <div class=\\\"u-block-9d99-9 u-container-layout u-valign-middle\\\" style=\\\"padding-top: 30px; padding-bottom: 30px; padding-left: 60px; padding-right: 60px\\\">\\n              <h3 class=\\\"u-block-9d99-6 u-text u-text-default\\\" style=\\\"margin-top: 0px; margin-right: 20px; margin-bottom: 0px\\\">Cookies &amp; Privacy</h3>\\n              <p class=\\\"u-block-9d99-5 u-text\\\" style=\\\"margin: 8px 158.325px 0px 0px;\\\">This website uses cookies to ensure you get the best experience on our website.</p>\\n            </div>\\n          </div>\\n          <div class=\\\"u-align-left u-block-9d99-10 u-container-style u-layout-cell u-right-cell u-size-14-lg u-size-14-xl u-size-17-md u-size-17-sm u-size-17-xs\\\" style=\\\"min-height: 152px\\\">\\n            <div class=\\\"u-block-9d99-11 u-container-layout u-valign-middle-lg u-valign-middle-md u-valign-middle-xl u-valign-top-sm u-valign-top-xs\\\" style=\\\"padding-top: 30px; padding-bottom: 30px; padding-left: 30px; padding-right: 30px\\\">\\n              <a href=\\\"###\\\" class=\\\"u-block-9d99-3 u-btn u-button-confirm u-button-style u-palette-1-base\\\" style=\\\"margin-top: 0px; margin-right: auto; margin-bottom: 0px; margin-left: 0px\\\">Confirm</a>\\n            </div>\\n          </div>\\n        </div>\\n      </div>\\n    </div>\\n  </div>\\n  <style data-mode=\\\"XL\\\" data-visited=\\\"true\\\">@media (max-width: 0px) { .u-block-9d99-1 {background-image: none}\\n.u-block-9d99-2 {min-height: 212px}\\n.u-block-9d99-7 {margin-top: 30px; margin-bottom: 30px}\\n.u-block-9d99-8 {min-height: 152px}\\n.u-block-9d99-9 {padding-top: 30px; padding-bottom: 30px; padding-left: 60px; padding-right: 60px}\\n.u-block-9d99-6 {margin-top: 0px; margin-right: 20px; margin-bottom: 0px}\\n.u-block-9d99-5 {margin-top: 8px; margin-right: 158.325px; margin-bottom: 0px; margin-left: 0px}\\n.u-block-9d99-10 {min-height: 152px}\\n.u-block-9d99-11 {padding-top: 30px; padding-bottom: 30px; padding-left: 30px; padding-right: 30px}\\n.u-block-9d99-3 {margin-top: 0px; margin-right: auto; margin-bottom: 0px; margin-left: 0px} }</style>\\n  <style data-mode=\\\"LG\\\">@media (max-width: 0px) { .u-block-9d99-1 {background-image: none}\\n.u-block-9d99-2 {min-height: 131px}\\n.u-block-9d99-7 {margin-top: 30px; margin-bottom: 30px}\\n.u-block-9d99-8 {min-height: 125px}\\n.u-block-9d99-9 {padding-top: 30px; padding-bottom: 30px; padding-left: 60px; padding-right: 60px}\\n.u-block-9d99-6 {margin-top: 0px; margin-right: 0px; margin-bottom: 0px}\\n.u-block-9d99-5 {margin-top: 8px; margin-right: 5px; margin-bottom: 0px; margin-left: 0px}\\n.u-block-9d99-10 {min-height: 125px}\\n.u-block-9d99-11 {padding-top: 30px; padding-bottom: 30px; padding-left: 30px; padding-right: 30px}\\n.u-block-9d99-3 {margin-top: 0px; margin-right: auto; margin-bottom: 0px; margin-left: 0px} }</style>\\n  <style data-mode=\\\"MD\\\" data-visited=\\\"true\\\">@media (max-width: 0px) { .u-block-9d99-1 {background-image: none}\\n.u-block-9d99-2 {min-height: 106px}\\n.u-block-9d99-7 {margin-top: 30px; margin-bottom: 30px}\\n.u-block-9d99-8 {min-height: 100px}\\n.u-block-9d99-9 {padding-top: 30px; padding-bottom: 30px; padding-left: 30px; padding-right: 30px}\\n.u-block-9d99-6 {margin-top: 0px; margin-right: 0px; margin-bottom: 0px}\\n.u-block-9d99-5 {margin-top: 8px; margin-right: 0px; margin-bottom: 0px; margin-left: 0px}\\n.u-block-9d99-10 {min-height: 100px}\\n.u-block-9d99-11 {padding-top: 30px; padding-bottom: 30px; padding-left: 30px; padding-right: 30px}\\n.u-block-9d99-3 {margin-top: 0px; margin-right: auto; margin-bottom: 0px; margin-left: 0px} }</style>\\n  <style data-mode=\\\"SM\\\" data-visited=\\\"true\\\">@media (max-width: 0px) { .u-block-9d99-1 {background-image: none}\\n.u-block-9d99-2 {min-height: 225px}\\n.u-block-9d99-7 {margin-top: 30px; margin-bottom: 30px}\\n.u-block-9d99-8 {min-height: 154px}\\n.u-block-9d99-9 {padding-top: 30px; padding-left: 10px; padding-right: 10px; padding-bottom: 20px}\\n.u-block-9d99-6 {margin-top: 0px; margin-right: 0px; margin-bottom: 0px}\\n.u-block-9d99-5 {margin-top: 8px; margin-right: 0px; margin-bottom: 0px; margin-left: 0px}\\n.u-block-9d99-10 {min-height: 65px}\\n.u-block-9d99-11 {padding-top: 10px; padding-bottom: 10px; padding-left: 10px; padding-right: 10px}\\n.u-block-9d99-3 {margin-top: 0px; margin-right: auto; margin-bottom: 0px; margin-left: 0px} }</style>\\n  <style data-mode=\\\"XS\\\" data-visited=\\\"true\\\">@media (max-width: 0px) { .u-block-9d99-1 {background-image: none}\\n.u-block-9d99-2 {min-height: 121px}\\n.u-block-9d99-7 {margin-top: 30px; margin-bottom: 30px}\\n.u-block-9d99-8 {min-height: 100px}\\n.u-block-9d99-9 {padding-top: 30px; padding-bottom: 20px; padding-left: 10px; padding-right: 10px}\\n.u-block-9d99-6 {margin-top: 0px; margin-right: 0px; margin-bottom: 0px}\\n.u-block-9d99-5 {margin-top: 8px; margin-right: 0px; margin-bottom: 0px; margin-left: 0px}\\n.u-block-9d99-10 {min-height: 15px}\\n.u-block-9d99-11 {padding-top: 10px; padding-bottom: 10px; padding-left: 10px; padding-right: 10px}\\n.u-block-9d99-3 {margin-top: 0px; margin-right: auto; margin-bottom: 0px; margin-left: 0px} }</style>\\n</section>\"},\"domain\":\"\"}","dialog":null,"title":"WebSite1652175","siteStyleCss":"<style id=\"color-scheme\" color-scheme=\"u10\" color-style=\"multicolor-1\">.u-body {\n--none: transparent;\n--none-darker: transparent;\n--none-r: 255;\n--none-g: 255;\n--none-b: 255;\n--none-contrast: body-color;\n--none-contrast-darker: body-color;\n--none-text-color: var(--body-color);\n--transparent: transparent;\n--transparent-darker: transparent;\n--transparent-r: 255;\n--transparent-g: 255;\n--transparent-b: 255;\n--transparent-contrast: body-color;\n--transparent-contrast-darker: body-color;\n--transparent-text-color: var(--body-color);\n--custom-color-1: #ababab;\n--custom-color-1-darker: #9a9a9a;\n--custom-color-1-r: 171;\n--custom-color-1-g: 171;\n--custom-color-1-b: 171;\n--custom-color-1-contrast: white;\n--custom-color-1-contrast-darker: white;\n--custom-color-1-text-color: var(--body-alt-color);\n--body-color: #111111;\n--body-color-darker: #0f0f0f;\n--body-color-r: 17;\n--body-color-g: 17;\n--body-color-b: 17;\n--body-color-contrast: white;\n--body-color-contrast-darker: white;\n--body-color-text-color: var(--body-alt-color);\n--body-alt-color: #ffffff;\n--body-alt-color-darker: #e6e6e6;\n--body-alt-color-r: 255;\n--body-alt-color-g: 255;\n--body-alt-color-b: 255;\n--body-alt-color-contrast: black;\n--body-alt-color-contrast-darker: black;\n--body-alt-color-text-color: var(--body-color);\n--bg-color: #ffffff;\n--bg-color-darker: #e6e6e6;\n--bg-color-r: 255;\n--bg-color-g: 255;\n--bg-color-b: 255;\n--bg-color-contrast: black;\n--bg-color-contrast-darker: black;\n--bg-color-text-color: var(--body-color);\n--palette-1-base: #9161a9;\n--palette-1-base-darker: #83549b;\n--palette-1-base-r: 145;\n--palette-1-base-g: 97;\n--palette-1-base-b: 169;\n--palette-1-base-contrast: white;\n--palette-1-base-contrast-darker: white;\n--palette-1-base-text-color: var(--body-alt-color);\n--palette-1-dark-3: #302933;\n--palette-1-dark-3-darker: #2b252e;\n--palette-1-dark-3-r: 48;\n--palette-1-dark-3-g: 41;\n--palette-1-dark-3-b: 51;\n--palette-1-dark-3-contrast: white;\n--palette-1-dark-3-contrast-darker: white;\n--palette-1-dark-3-text-color: var(--body-alt-color);\n--palette-1-dark-2: #634c6e;\n--palette-1-dark-2-darker: #594463;\n--palette-1-dark-2-r: 99;\n--palette-1-dark-2-g: 76;\n--palette-1-dark-2-b: 110;\n--palette-1-dark-2-contrast: white;\n--palette-1-dark-2-contrast-darker: white;\n--palette-1-dark-2-text-color: var(--body-alt-color);\n--palette-1-dark-1: #9161a9;\n--palette-1-dark-1-darker: #83549b;\n--palette-1-dark-1-r: 145;\n--palette-1-dark-1-g: 97;\n--palette-1-dark-1-b: 169;\n--palette-1-dark-1-contrast: white;\n--palette-1-dark-1-contrast-darker: white;\n--palette-1-dark-1-text-color: var(--body-alt-color);\n--palette-1: #ae7bc8;\n--palette-1-darker: #a064bf;\n--palette-1-r: 174;\n--palette-1-g: 123;\n--palette-1-b: 200;\n--palette-1-contrast: white;\n--palette-1-contrast-darker: white;\n--palette-1-text-color: var(--body-alt-color);\n--palette-1-light-1: #c59ed8;\n--palette-1-light-1-darker: #b583cd;\n--palette-1-light-1-r: 197;\n--palette-1-light-1-g: 158;\n--palette-1-light-1-b: 216;\n--palette-1-light-1-contrast: white;\n--palette-1-light-1-contrast-darker: white;\n--palette-1-light-1-text-color: var(--body-alt-color);\n--palette-1-light-2: #ddc5e9;\n--palette-1-light-2-darker: #cba6dd;\n--palette-1-light-2-r: 221;\n--palette-1-light-2-g: 197;\n--palette-1-light-2-b: 233;\n--palette-1-light-2-contrast: black;\n--palette-1-light-2-contrast-darker: white;\n--palette-1-light-2-text-color: var(--body-color);\n--palette-1-light-3: #f6f0f9;\n--palette-1-light-3-darker: #e1cdeb;\n--palette-1-light-3-r: 246;\n--palette-1-light-3-g: 240;\n--palette-1-light-3-b: 249;\n--palette-1-light-3-contrast: black;\n--palette-1-light-3-contrast-darker: black;\n--palette-1-light-3-text-color: var(--body-color);\n--palette-2-base: #d1e05e;\n--palette-2-base-darker: #c9db43;\n--palette-2-base-r: 209;\n--palette-2-base-g: 224;\n--palette-2-base-b: 94;\n--palette-2-base-contrast: black;\n--palette-2-base-contrast-darker: black;\n--palette-2-base-text-color: var(--body-color);\n--palette-2-dark-3: #323329;\n--palette-2-dark-3-darker: #2d2e25;\n--palette-2-dark-3-r: 50;\n--palette-2-dark-3-g: 51;\n--palette-2-dark-3-b: 41;\n--palette-2-dark-3-contrast: white;\n--palette-2-dark-3-contrast-darker: white;\n--palette-2-dark-3-text-color: var(--body-alt-color);\n--palette-2-dark-2: #696d49;\n--palette-2-dark-2-darker: #5e6242;\n--palette-2-dark-2-r: 105;\n--palette-2-dark-2-g: 109;\n--palette-2-dark-2-b: 73;\n--palette-2-dark-2-contrast: white;\n--palette-2-dark-2-contrast-darker: white;\n--palette-2-dark-2-text-color: var(--body-alt-color);\n--palette-2-dark-1: #9ea65b;\n--palette-2-dark-1-darker: #8f9651;\n--palette-2-dark-1-r: 158;\n--palette-2-dark-1-g: 166;\n--palette-2-dark-1-b: 91;\n--palette-2-dark-1-contrast: white;\n--palette-2-dark-1-contrast-darker: white;\n--palette-2-dark-1-text-color: var(--body-alt-color);\n--palette-2: #d1e05e;\n--palette-2-darker: #c9db43;\n--palette-2-r: 209;\n--palette-2-g: 224;\n--palette-2-b: 94;\n--palette-2-contrast: black;\n--palette-2-contrast-darker: black;\n--palette-2-text-color: var(--body-color);\n--palette-2-light-1: #dee98b;\n--palette-2-light-1-darker: #d5e36c;\n--palette-2-light-1-r: 222;\n--palette-2-light-1-g: 233;\n--palette-2-light-1-b: 139;\n--palette-2-light-1-contrast: black;\n--palette-2-light-1-contrast-darker: black;\n--palette-2-light-1-text-color: var(--body-color);\n--palette-2-light-2: #ecf3ba;\n--palette-2-light-2-darker: #e2ed95;\n--palette-2-light-2-r: 236;\n--palette-2-light-2-g: 243;\n--palette-2-light-2-b: 186;\n--palette-2-light-2-contrast: black;\n--palette-2-light-2-contrast-darker: black;\n--palette-2-light-2-text-color: var(--body-color);\n--palette-2-light-3: #fafced;\n--palette-2-light-3-darker: #eef5c3;\n--palette-2-light-3-r: 250;\n--palette-2-light-3-g: 252;\n--palette-2-light-3-b: 237;\n--palette-2-light-3-contrast: black;\n--palette-2-light-3-contrast-darker: black;\n--palette-2-light-3-text-color: var(--body-color);\n--palette-3-base: #27b2e7;\n--palette-3-base-darker: #18a5db;\n--palette-3-base-r: 39;\n--palette-3-base-g: 178;\n--palette-3-base-b: 231;\n--palette-3-base-contrast: white;\n--palette-3-base-contrast-darker: white;\n--palette-3-base-text-color: var(--body-alt-color);\n--palette-3-dark-3: #293033;\n--palette-3-dark-3-darker: #252b2e;\n--palette-3-dark-3-r: 41;\n--palette-3-dark-3-g: 48;\n--palette-3-dark-3-b: 51;\n--palette-3-dark-3-contrast: white;\n--palette-3-dark-3-contrast-darker: white;\n--palette-3-dark-3-text-color: var(--body-alt-color);\n--palette-3-dark-2: #41626f;\n--palette-3-dark-2-darker: #3a5864;\n--palette-3-dark-2-r: 65;\n--palette-3-dark-2-g: 98;\n--palette-3-dark-2-b: 111;\n--palette-3-dark-2-contrast: white;\n--palette-3-dark-2-contrast-darker: white;\n--palette-3-dark-2-text-color: var(--body-alt-color);\n--palette-3-dark-1: #418eab;\n--palette-3-dark-1-darker: #3a809a;\n--palette-3-dark-1-r: 65;\n--palette-3-dark-1-g: 142;\n--palette-3-dark-1-b: 171;\n--palette-3-dark-1-contrast: white;\n--palette-3-dark-1-contrast-darker: white;\n--palette-3-dark-1-text-color: var(--body-alt-color);\n--palette-3: #27b2e7;\n--palette-3-darker: #18a5db;\n--palette-3-r: 39;\n--palette-3-g: 178;\n--palette-3-b: 231;\n--palette-3-contrast: white;\n--palette-3-contrast-darker: white;\n--palette-3-text-color: var(--body-alt-color);\n--palette-3-light-1: #64c8ee;\n--palette-3-light-1-darker: #46bdeb;\n--palette-3-light-1-r: 100;\n--palette-3-light-1-g: 200;\n--palette-3-light-1-b: 238;\n--palette-3-light-1-contrast: black;\n--palette-3-light-1-contrast-darker: white;\n--palette-3-light-1-text-color: var(--body-color);\n--palette-3-light-2: #a4dff5;\n--palette-3-light-2-darker: #7fd2f1;\n--palette-3-light-2-r: 164;\n--palette-3-light-2-g: 223;\n--palette-3-light-2-b: 245;\n--palette-3-light-2-contrast: black;\n--palette-3-light-2-contrast-darker: black;\n--palette-3-light-2-text-color: var(--body-color);\n--palette-3-light-3: #e8f7fd;\n--palette-3-light-3-darker: #bbe7f9;\n--palette-3-light-3-r: 232;\n--palette-3-light-3-g: 247;\n--palette-3-light-3-b: 253;\n--palette-3-light-3-contrast: black;\n--palette-3-light-3-contrast-darker: black;\n--palette-3-light-3-text-color: var(--body-color);\n--palette-4-base: #515151;\n--palette-4-base-darker: #494949;\n--palette-4-base-r: 81;\n--palette-4-base-g: 81;\n--palette-4-base-b: 81;\n--palette-4-base-contrast: white;\n--palette-4-base-contrast-darker: white;\n--palette-4-base-text-color: var(--body-alt-color);\n--palette-4-dark-3: #332929;\n--palette-4-dark-3-darker: #2e2525;\n--palette-4-dark-3-r: 51;\n--palette-4-dark-3-g: 41;\n--palette-4-dark-3-b: 41;\n--palette-4-dark-3-contrast: white;\n--palette-4-dark-3-contrast-darker: white;\n--palette-4-dark-3-text-color: var(--body-alt-color);\n--palette-4-dark-2: #515151;\n--palette-4-dark-2-darker: #494949;\n--palette-4-dark-2-r: 81;\n--palette-4-dark-2-g: 81;\n--palette-4-dark-2-b: 81;\n--palette-4-dark-2-contrast: white;\n--palette-4-dark-2-contrast-darker: white;\n--palette-4-dark-2-text-color: var(--body-alt-color);\n--palette-4-dark-1: #7f7a7a;\n--palette-4-dark-1-darker: #726e6e;\n--palette-4-dark-1-r: 127;\n--palette-4-dark-1-g: 122;\n--palette-4-dark-1-b: 122;\n--palette-4-dark-1-contrast: white;\n--palette-4-dark-1-contrast-darker: white;\n--palette-4-dark-1-text-color: var(--body-alt-color);\n--palette-4: #aca0a0;\n--palette-4-darker: #9d8e8e;\n--palette-4-r: 172;\n--palette-4-g: 160;\n--palette-4-b: 160;\n--palette-4-contrast: white;\n--palette-4-contrast-darker: white;\n--palette-4-text-color: var(--body-alt-color);\n--palette-4-light-1: #c5bbbb;\n--palette-4-light-1-darker: #b3a6a6;\n--palette-4-light-1-r: 197;\n--palette-4-light-1-g: 187;\n--palette-4-light-1-b: 187;\n--palette-4-light-1-contrast: black;\n--palette-4-light-1-contrast-darker: white;\n--palette-4-light-1-text-color: var(--body-color);\n--palette-4-light-2: #ded7d7;\n--palette-4-light-2-darker: #cabfbf;\n--palette-4-light-2-r: 222;\n--palette-4-light-2-g: 215;\n--palette-4-light-2-b: 215;\n--palette-4-light-2-contrast: black;\n--palette-4-light-2-contrast-darker: black;\n--palette-4-light-2-text-color: var(--body-color);\n--palette-4-light-3: #f7f5f5;\n--palette-4-light-3-darker: #e1dada;\n--palette-4-light-3-r: 247;\n--palette-4-light-3-g: 245;\n--palette-4-light-3-b: 245;\n--palette-4-light-3-contrast: black;\n--palette-4-light-3-contrast-darker: black;\n--palette-4-light-3-text-color: var(--body-color);\n--palette-5-base: #ffffff;\n--palette-5-base-darker: #e6e6e6;\n--palette-5-base-r: 255;\n--palette-5-base-g: 255;\n--palette-5-base-b: 255;\n--palette-5-base-contrast: black;\n--palette-5-base-contrast-darker: black;\n--palette-5-base-text-color: var(--body-color);\n--palette-5-dark-3: #332929;\n--palette-5-dark-3-darker: #2e2525;\n--palette-5-dark-3-r: 51;\n--palette-5-dark-3-g: 41;\n--palette-5-dark-3-b: 41;\n--palette-5-dark-3-contrast: white;\n--palette-5-dark-3-contrast-darker: white;\n--palette-5-dark-3-text-color: var(--body-alt-color);\n--palette-5-dark-2: #624b4b;\n--palette-5-dark-2-darker: #584343;\n--palette-5-dark-2-r: 98;\n--palette-5-dark-2-g: 75;\n--palette-5-dark-2-b: 75;\n--palette-5-dark-2-contrast: white;\n--palette-5-dark-2-contrast-darker: white;\n--palette-5-dark-2-text-color: var(--body-alt-color);\n--palette-5-dark-1: #916b6b;\n--palette-5-dark-1-darker: #836060;\n--palette-5-dark-1-r: 145;\n--palette-5-dark-1-g: 107;\n--palette-5-dark-1-b: 107;\n--palette-5-dark-1-contrast: white;\n--palette-5-dark-1-contrast-darker: white;\n--palette-5-dark-1-text-color: var(--body-alt-color);\n--palette-5: #bf8888;\n--palette-5-darker: #b47373;\n--palette-5-r: 191;\n--palette-5-g: 136;\n--palette-5-b: 136;\n--palette-5-contrast: white;\n--palette-5-contrast-darker: white;\n--palette-5-text-color: var(--body-alt-color);\n--palette-5-light-1: #d5acac;\n--palette-5-light-1-darker: #c89292;\n--palette-5-light-1-r: 213;\n--palette-5-light-1-g: 172;\n--palette-5-light-1-b: 172;\n--palette-5-light-1-contrast: white;\n--palette-5-light-1-contrast-darker: white;\n--palette-5-light-1-text-color: var(--body-alt-color);\n--palette-5-light-2: #ead3d3;\n--palette-5-light-2-darker: #dcb5b5;\n--palette-5-light-2-r: 234;\n--palette-5-light-2-g: 211;\n--palette-5-light-2-b: 211;\n--palette-5-light-2-contrast: black;\n--palette-5-light-2-contrast-darker: black;\n--palette-5-light-2-text-color: var(--body-color);\n--palette-5-light-3: #ffffff;\n--palette-5-light-3-darker: #e6e6e6;\n--palette-5-light-3-r: 255;\n--palette-5-light-3-g: 255;\n--palette-5-light-3-b: 255;\n--palette-5-light-3-contrast: black;\n--palette-5-light-3-contrast-darker: black;\n--palette-5-light-3-text-color: var(--body-color);\n--grey-40: #999999;\n--grey-40-darker: #8a8a8a;\n--grey-40-r: 153;\n--grey-40-g: 153;\n--grey-40-b: 153;\n--grey-40-contrast: white;\n--grey-40-contrast-darker: white;\n--grey-40-text-color: var(--body-alt-color);\n--grey-30: #b3b3b3;\n--grey-30-darker: #a1a1a1;\n--grey-30-r: 179;\n--grey-30-g: 179;\n--grey-30-b: 179;\n--grey-30-contrast: white;\n--grey-30-contrast-darker: white;\n--grey-30-text-color: var(--body-alt-color);\n--grey-25: #c0c0c0;\n--grey-25-darker: #adadad;\n--grey-25-r: 192;\n--grey-25-g: 192;\n--grey-25-b: 192;\n--grey-25-contrast: black;\n--grey-25-contrast-darker: white;\n--grey-25-text-color: var(--body-color);\n--white: #ffffff;\n--white-darker: #e6e6e6;\n--white-r: 255;\n--white-g: 255;\n--white-b: 255;\n--white-contrast: black;\n--white-contrast-darker: black;\n--white-text-color: var(--body-color);\n--grey-15: #d9d9d9;\n--grey-15-darker: #c3c3c3;\n--grey-15-r: 217;\n--grey-15-g: 217;\n--grey-15-b: 217;\n--grey-15-contrast: black;\n--grey-15-contrast-darker: black;\n--grey-15-text-color: var(--body-color);\n--grey-10: #e5e5e5;\n--grey-10-darker: #cecece;\n--grey-10-r: 229;\n--grey-10-g: 229;\n--grey-10-b: 229;\n--grey-10-contrast: black;\n--grey-10-contrast-darker: black;\n--grey-10-text-color: var(--body-color);\n--grey-5: #f2f2f2;\n--grey-5-darker: #dadada;\n--grey-5-r: 242;\n--grey-5-g: 242;\n--grey-5-b: 242;\n--grey-5-contrast: black;\n--grey-5-contrast-darker: black;\n--grey-5-text-color: var(--body-color);\n--grey-90: #1a1a1a;\n--grey-90-darker: #171717;\n--grey-90-r: 26;\n--grey-90-g: 26;\n--grey-90-b: 26;\n--grey-90-contrast: white;\n--grey-90-contrast-darker: white;\n--grey-90-text-color: var(--body-alt-color);\n--grey-80: #333333;\n--grey-80-darker: #2e2e2e;\n--grey-80-r: 51;\n--grey-80-g: 51;\n--grey-80-b: 51;\n--grey-80-contrast: white;\n--grey-80-contrast-darker: white;\n--grey-80-text-color: var(--body-alt-color);\n--grey-75: #404040;\n--grey-75-darker: #3a3a3a;\n--grey-75-r: 64;\n--grey-75-g: 64;\n--grey-75-b: 64;\n--grey-75-contrast: white;\n--grey-75-contrast-darker: white;\n--grey-75-text-color: var(--body-alt-color);\n--black: #000000;\n--black-darker: #000000;\n--black-r: 0;\n--black-g: 0;\n--black-b: 0;\n--black-contrast: white;\n--black-contrast-darker: white;\n--black-text-color: var(--body-alt-color);\n--grey-70: #4d4d4d;\n--grey-70-darker: #454545;\n--grey-70-r: 77;\n--grey-70-g: 77;\n--grey-70-b: 77;\n--grey-70-contrast: white;\n--grey-70-contrast-darker: white;\n--grey-70-text-color: var(--body-alt-color);\n--grey-60: #666666;\n--grey-60-darker: #5c5c5c;\n--grey-60-r: 102;\n--grey-60-g: 102;\n--grey-60-b: 102;\n--grey-60-contrast: white;\n--grey-60-contrast-darker: white;\n--grey-60-text-color: var(--body-alt-color);\n--grey-50: #808080;\n--grey-50-darker: #737373;\n--grey-50-r: 128;\n--grey-50-g: 128;\n--grey-50-b: 128;\n--grey-50-contrast: white;\n--grey-50-contrast-darker: white;\n--grey-50-text-color: var(--body-alt-color);\n--grey-dark-3: #212121;\n--grey-dark-3-darker: #1e1e1e;\n--grey-dark-3-r: 33;\n--grey-dark-3-g: 33;\n--grey-dark-3-b: 33;\n--grey-dark-3-contrast: white;\n--grey-dark-3-contrast-darker: white;\n--grey-dark-3-text-color: var(--body-alt-color);\n--grey-dark-2: #333333;\n--grey-dark-2-darker: #2e2e2e;\n--grey-dark-2-r: 51;\n--grey-dark-2-g: 51;\n--grey-dark-2-b: 51;\n--grey-dark-2-contrast: white;\n--grey-dark-2-contrast-darker: white;\n--grey-dark-2-text-color: var(--body-alt-color);\n--grey-dark-1: #454545;\n--grey-dark-1-darker: #3e3e3e;\n--grey-dark-1-r: 69;\n--grey-dark-1-g: 69;\n--grey-dark-1-b: 69;\n--grey-dark-1-contrast: white;\n--grey-dark-1-contrast-darker: white;\n--grey-dark-1-text-color: var(--body-alt-color);\n--grey: #b3b3b3;\n--grey-darker: #a1a1a1;\n--grey-r: 179;\n--grey-g: 179;\n--grey-b: 179;\n--grey-contrast: white;\n--grey-contrast-darker: white;\n--grey-text-color: var(--body-alt-color);\n--grey-light-1: #d9d9d9;\n--grey-light-1-darker: #c3c3c3;\n--grey-light-1-r: 217;\n--grey-light-1-g: 217;\n--grey-light-1-b: 217;\n--grey-light-1-contrast: black;\n--grey-light-1-contrast-darker: black;\n--grey-light-1-text-color: var(--body-color);\n--grey-light-2: #eeeeee;\n--grey-light-2-darker: #d6d6d6;\n--grey-light-2-r: 238;\n--grey-light-2-g: 238;\n--grey-light-2-b: 238;\n--grey-light-2-contrast: black;\n--grey-light-2-contrast-darker: black;\n--grey-light-2-text-color: var(--body-color);\n--grey-light-3: #f6f6f6;\n--grey-light-3-darker: #dddddd;\n--grey-light-3-r: 246;\n--grey-light-3-g: 246;\n--grey-light-3-b: 246;\n--grey-light-3-contrast: black;\n--grey-light-3-contrast-darker: black;\n--grey-light-3-text-color: var(--body-color);\n--color-1-base: #9161a9;\n--color-1-base-darker: #83549b;\n--color-1-base-r: 145;\n--color-1-base-g: 97;\n--color-1-base-b: 169;\n--color-1-base-contrast: white;\n--color-1-base-contrast-darker: white;\n--color-1-base-text-color: var(--body-alt-color);\n--color-1-dark-3: #302933;\n--color-1-dark-3-darker: #2b252e;\n--color-1-dark-3-r: 48;\n--color-1-dark-3-g: 41;\n--color-1-dark-3-b: 51;\n--color-1-dark-3-contrast: white;\n--color-1-dark-3-contrast-darker: white;\n--color-1-dark-3-text-color: var(--body-alt-color);\n--color-1-dark-2: #634c6e;\n--color-1-dark-2-darker: #594463;\n--color-1-dark-2-r: 99;\n--color-1-dark-2-g: 76;\n--color-1-dark-2-b: 110;\n--color-1-dark-2-contrast: white;\n--color-1-dark-2-contrast-darker: white;\n--color-1-dark-2-text-color: var(--body-alt-color);\n--color-1-dark-1: #9161a9;\n--color-1-dark-1-darker: #83549b;\n--color-1-dark-1-r: 145;\n--color-1-dark-1-g: 97;\n--color-1-dark-1-b: 169;\n--color-1-dark-1-contrast: white;\n--color-1-dark-1-contrast-darker: white;\n--color-1-dark-1-text-color: var(--body-alt-color);\n--color-1: #ae7bc8;\n--color-1-darker: #a064bf;\n--color-1-r: 174;\n--color-1-g: 123;\n--color-1-b: 200;\n--color-1-contrast: white;\n--color-1-contrast-darker: white;\n--color-1-text-color: var(--body-alt-color);\n--color-1-light-1: #c59ed8;\n--color-1-light-1-darker: #b583cd;\n--color-1-light-1-r: 197;\n--color-1-light-1-g: 158;\n--color-1-light-1-b: 216;\n--color-1-light-1-contrast: white;\n--color-1-light-1-contrast-darker: white;\n--color-1-light-1-text-color: var(--body-alt-color);\n--color-1-light-2: #ddc5e9;\n--color-1-light-2-darker: #cba6dd;\n--color-1-light-2-r: 221;\n--color-1-light-2-g: 197;\n--color-1-light-2-b: 233;\n--color-1-light-2-contrast: black;\n--color-1-light-2-contrast-darker: white;\n--color-1-light-2-text-color: var(--body-color);\n--color-1-light-3: #f6f0f9;\n--color-1-light-3-darker: #e1cdeb;\n--color-1-light-3-r: 246;\n--color-1-light-3-g: 240;\n--color-1-light-3-b: 249;\n--color-1-light-3-contrast: black;\n--color-1-light-3-contrast-darker: black;\n--color-1-light-3-text-color: var(--body-color);\n--color-2-base: #d1e05e;\n--color-2-base-darker: #c9db43;\n--color-2-base-r: 209;\n--color-2-base-g: 224;\n--color-2-base-b: 94;\n--color-2-base-contrast: black;\n--color-2-base-contrast-darker: black;\n--color-2-base-text-color: var(--body-color);\n--color-2-dark-3: #323329;\n--color-2-dark-3-darker: #2d2e25;\n--color-2-dark-3-r: 50;\n--color-2-dark-3-g: 51;\n--color-2-dark-3-b: 41;\n--color-2-dark-3-contrast: white;\n--color-2-dark-3-contrast-darker: white;\n--color-2-dark-3-text-color: var(--body-alt-color);\n--color-2-dark-2: #696d49;\n--color-2-dark-2-darker: #5e6242;\n--color-2-dark-2-r: 105;\n--color-2-dark-2-g: 109;\n--color-2-dark-2-b: 73;\n--color-2-dark-2-contrast: white;\n--color-2-dark-2-contrast-darker: white;\n--color-2-dark-2-text-color: var(--body-alt-color);\n--color-2-dark-1: #9ea65b;\n--color-2-dark-1-darker: #8f9651;\n--color-2-dark-1-r: 158;\n--color-2-dark-1-g: 166;\n--color-2-dark-1-b: 91;\n--color-2-dark-1-contrast: white;\n--color-2-dark-1-contrast-darker: white;\n--color-2-dark-1-text-color: var(--body-alt-color);\n--color-2: #d1e05e;\n--color-2-darker: #c9db43;\n--color-2-r: 209;\n--color-2-g: 224;\n--color-2-b: 94;\n--color-2-contrast: black;\n--color-2-contrast-darker: black;\n--color-2-text-color: var(--body-color);\n--color-2-light-1: #dee98b;\n--color-2-light-1-darker: #d5e36c;\n--color-2-light-1-r: 222;\n--color-2-light-1-g: 233;\n--color-2-light-1-b: 139;\n--color-2-light-1-contrast: black;\n--color-2-light-1-contrast-darker: black;\n--color-2-light-1-text-color: var(--body-color);\n--color-2-light-2: #ecf3ba;\n--color-2-light-2-darker: #e2ed95;\n--color-2-light-2-r: 236;\n--color-2-light-2-g: 243;\n--color-2-light-2-b: 186;\n--color-2-light-2-contrast: black;\n--color-2-light-2-contrast-darker: black;\n--color-2-light-2-text-color: var(--body-color);\n--color-2-light-3: #fafced;\n--color-2-light-3-darker: #eef5c3;\n--color-2-light-3-r: 250;\n--color-2-light-3-g: 252;\n--color-2-light-3-b: 237;\n--color-2-light-3-contrast: black;\n--color-2-light-3-contrast-darker: black;\n--color-2-light-3-text-color: var(--body-color);\n--color-3-base: #27b2e7;\n--color-3-base-darker: #18a5db;\n--color-3-base-r: 39;\n--color-3-base-g: 178;\n--color-3-base-b: 231;\n--color-3-base-contrast: white;\n--color-3-base-contrast-darker: white;\n--color-3-base-text-color: var(--body-alt-color);\n--color-3-dark-3: #293033;\n--color-3-dark-3-darker: #252b2e;\n--color-3-dark-3-r: 41;\n--color-3-dark-3-g: 48;\n--color-3-dark-3-b: 51;\n--color-3-dark-3-contrast: white;\n--color-3-dark-3-contrast-darker: white;\n--color-3-dark-3-text-color: var(--body-alt-color);\n--color-3-dark-2: #41626f;\n--color-3-dark-2-darker: #3a5864;\n--color-3-dark-2-r: 65;\n--color-3-dark-2-g: 98;\n--color-3-dark-2-b: 111;\n--color-3-dark-2-contrast: white;\n--color-3-dark-2-contrast-darker: white;\n--color-3-dark-2-text-color: var(--body-alt-color);\n--color-3-dark-1: #418eab;\n--color-3-dark-1-darker: #3a809a;\n--color-3-dark-1-r: 65;\n--color-3-dark-1-g: 142;\n--color-3-dark-1-b: 171;\n--color-3-dark-1-contrast: white;\n--color-3-dark-1-contrast-darker: white;\n--color-3-dark-1-text-color: var(--body-alt-color);\n--color-3: #27b2e7;\n--color-3-darker: #18a5db;\n--color-3-r: 39;\n--color-3-g: 178;\n--color-3-b: 231;\n--color-3-contrast: white;\n--color-3-contrast-darker: white;\n--color-3-text-color: var(--body-alt-color);\n--color-3-light-1: #64c8ee;\n--color-3-light-1-darker: #46bdeb;\n--color-3-light-1-r: 100;\n--color-3-light-1-g: 200;\n--color-3-light-1-b: 238;\n--color-3-light-1-contrast: black;\n--color-3-light-1-contrast-darker: white;\n--color-3-light-1-text-color: var(--body-color);\n--color-3-light-2: #a4dff5;\n--color-3-light-2-darker: #7fd2f1;\n--color-3-light-2-r: 164;\n--color-3-light-2-g: 223;\n--color-3-light-2-b: 245;\n--color-3-light-2-contrast: black;\n--color-3-light-2-contrast-darker: black;\n--color-3-light-2-text-color: var(--body-color);\n--color-3-light-3: #e8f7fd;\n--color-3-light-3-darker: #bbe7f9;\n--color-3-light-3-r: 232;\n--color-3-light-3-g: 247;\n--color-3-light-3-b: 253;\n--color-3-light-3-contrast: black;\n--color-3-light-3-contrast-darker: black;\n--color-3-light-3-text-color: var(--body-color);\n--color-4-base: #515151;\n--color-4-base-darker: #494949;\n--color-4-base-r: 81;\n--color-4-base-g: 81;\n--color-4-base-b: 81;\n--color-4-base-contrast: white;\n--color-4-base-contrast-darker: white;\n--color-4-base-text-color: var(--body-alt-color);\n--color-4-dark-3: #332929;\n--color-4-dark-3-darker: #2e2525;\n--color-4-dark-3-r: 51;\n--color-4-dark-3-g: 41;\n--color-4-dark-3-b: 41;\n--color-4-dark-3-contrast: white;\n--color-4-dark-3-contrast-darker: white;\n--color-4-dark-3-text-color: var(--body-alt-color);\n--color-4-dark-2: #515151;\n--color-4-dark-2-darker: #494949;\n--color-4-dark-2-r: 81;\n--color-4-dark-2-g: 81;\n--color-4-dark-2-b: 81;\n--color-4-dark-2-contrast: white;\n--color-4-dark-2-contrast-darker: white;\n--color-4-dark-2-text-color: var(--body-alt-color);\n--color-4-dark-1: #7f7a7a;\n--color-4-dark-1-darker: #726e6e;\n--color-4-dark-1-r: 127;\n--color-4-dark-1-g: 122;\n--color-4-dark-1-b: 122;\n--color-4-dark-1-contrast: white;\n--color-4-dark-1-contrast-darker: white;\n--color-4-dark-1-text-color: var(--body-alt-color);\n--color-4: #aca0a0;\n--color-4-darker: #9d8e8e;\n--color-4-r: 172;\n--color-4-g: 160;\n--color-4-b: 160;\n--color-4-contrast: white;\n--color-4-contrast-darker: white;\n--color-4-text-color: var(--body-alt-color);\n--color-4-light-1: #c5bbbb;\n--color-4-light-1-darker: #b3a6a6;\n--color-4-light-1-r: 197;\n--color-4-light-1-g: 187;\n--color-4-light-1-b: 187;\n--color-4-light-1-contrast: black;\n--color-4-light-1-contrast-darker: white;\n--color-4-light-1-text-color: var(--body-color);\n--color-4-light-2: #ded7d7;\n--color-4-light-2-darker: #cabfbf;\n--color-4-light-2-r: 222;\n--color-4-light-2-g: 215;\n--color-4-light-2-b: 215;\n--color-4-light-2-contrast: black;\n--color-4-light-2-contrast-darker: black;\n--color-4-light-2-text-color: var(--body-color);\n--color-4-light-3: #f7f5f5;\n--color-4-light-3-darker: #e1dada;\n--color-4-light-3-r: 247;\n--color-4-light-3-g: 245;\n--color-4-light-3-b: 245;\n--color-4-light-3-contrast: black;\n--color-4-light-3-contrast-darker: black;\n--color-4-light-3-text-color: var(--body-color);\n--color-5-base: #ffffff;\n--color-5-base-darker: #e6e6e6;\n--color-5-base-r: 255;\n--color-5-base-g: 255;\n--color-5-base-b: 255;\n--color-5-base-contrast: black;\n--color-5-base-contrast-darker: black;\n--color-5-base-text-color: var(--body-color);\n--color-5-dark-3: #332929;\n--color-5-dark-3-darker: #2e2525;\n--color-5-dark-3-r: 51;\n--color-5-dark-3-g: 41;\n--color-5-dark-3-b: 41;\n--color-5-dark-3-contrast: white;\n--color-5-dark-3-contrast-darker: white;\n--color-5-dark-3-text-color: var(--body-alt-color);\n--color-5-dark-2: #624b4b;\n--color-5-dark-2-darker: #584343;\n--color-5-dark-2-r: 98;\n--color-5-dark-2-g: 75;\n--color-5-dark-2-b: 75;\n--color-5-dark-2-contrast: white;\n--color-5-dark-2-contrast-darker: white;\n--color-5-dark-2-text-color: var(--body-alt-color);\n--color-5-dark-1: #916b6b;\n--color-5-dark-1-darker: #836060;\n--color-5-dark-1-r: 145;\n--color-5-dark-1-g: 107;\n--color-5-dark-1-b: 107;\n--color-5-dark-1-contrast: white;\n--color-5-dark-1-contrast-darker: white;\n--color-5-dark-1-text-color: var(--body-alt-color);\n--color-5: #bf8888;\n--color-5-darker: #b47373;\n--color-5-r: 191;\n--color-5-g: 136;\n--color-5-b: 136;\n--color-5-contrast: white;\n--color-5-contrast-darker: white;\n--color-5-text-color: var(--body-alt-color);\n--color-5-light-1: #d5acac;\n--color-5-light-1-darker: #c89292;\n--color-5-light-1-r: 213;\n--color-5-light-1-g: 172;\n--color-5-light-1-b: 172;\n--color-5-light-1-contrast: white;\n--color-5-light-1-contrast-darker: white;\n--color-5-light-1-text-color: var(--body-alt-color);\n--color-5-light-2: #ead3d3;\n--color-5-light-2-darker: #dcb5b5;\n--color-5-light-2-r: 234;\n--color-5-light-2-g: 211;\n--color-5-light-2-b: 211;\n--color-5-light-2-contrast: black;\n--color-5-light-2-contrast-darker: black;\n--color-5-light-2-text-color: var(--body-color);\n--color-5-light-3: #ffffff;\n--color-5-light-3-darker: #e6e6e6;\n--color-5-light-3-r: 255;\n--color-5-light-3-g: 255;\n--color-5-light-3-b: 255;\n--color-5-light-3-contrast: black;\n--color-5-light-3-contrast-darker: black;\n--color-5-light-3-text-color: var(--body-color);\n--white-contrast: var(--body-color);\n--shading-contrast: var(--body-alt-color);\n--bg-contrast: var(--body-color);\n}.u-custom-color-1,\n        .u-body.u-custom-color-1,\n        .u-custom-color-1 > .u-container-layout:before,\n        .u-container-style.u-custom-color-1:before,\n        .u-container-layout.u-container-layout.u-custom-color-1:before,\n        .u-table-alt-custom-color-1 tr:nth-child(even)\n        {\n            color: var(--custom-color-1-text-color);\n            background-color: var(--custom-color-1);\n        }\n\n        .u-button-style.u-custom-color-1,\n        .u-button-style.u-custom-color-1[class*=\"u-border-\"]\n        {\n            color: var(--custom-color-1-text-color) !important;\n            background-color: var(--custom-color-1) !important;\n        }\n\n        .u-button-style.u-custom-color-1:hover,\n        .u-button-style.u-custom-color-1[class*=\"u-border-\"]:hover,\n        .u-button-style.u-custom-color-1:focus,\n        .u-button-style.u-custom-color-1[class*=\"u-border-\"]:focus,\n        .u-button-style.u-button-style.u-custom-color-1:active,\n        .u-button-style.u-button-style.u-custom-color-1[class*=\"u-border-\"]:active,\n        .u-button-style.u-button-style.u-custom-color-1.active,\n        .u-button-style.u-button-style.u-custom-color-1[class*=\"u-border-\"].active,\n        li.active > .u-button-style.u-button-style.u-custom-color-1,\n        li.active > .u-button-style.u-button-style.u-custom-color-1[class*=\"u-border-\"]\n        {\n            color: var(--custom-color-1-text-color) !important;\n            background-color: var(--custom-color-1-darker) !important;\n        }\n\n        .u-hover-custom-color-1:hover,\n        .u-hover-custom-color-1[class*=\"u-border-\"]:hover,\n        .u-hover-custom-color-1:focus,\n        .u-hover-custom-color-1[class*=\"u-border-\"]:focus,\n        .u-active-custom-color-1.u-active.u-active,\n        .u-active-custom-color-1[class*=\"u-border-\"].u-active.u-active,\n        a.u-button-style.u-hover-custom-color-1:hover,\n        a.u-button-style.u-hover-custom-color-1[class*=\"u-border-\"]:hover,\n        a.u-button-style:hover > .u-hover-custom-color-1,\n        a.u-button-style:hover > .u-hover-custom-color-1[class*=\"u-border-\"],\n        a.u-button-style.u-hover-custom-color-1:focus,\n        a.u-button-style.u-hover-custom-color-1[class*=\"u-border-\"]:focus,\n        a.u-button-style.u-button-style.u-active-custom-color-1:active,\n        a.u-button-style.u-button-style.u-active-custom-color-1[class*=\"u-border-\"]:active,\n        a.u-button-style.u-button-style.u-active-custom-color-1.active,\n        a.u-button-style.u-button-style.u-active-custom-color-1[class*=\"u-border-\"].active,\n        a.u-button-style.u-button-style.active > .u-active-custom-color-1,\n        a.u-button-style.u-button-style.active > .u-active-custom-color-1[class*=\"u-border-\"],\n        li.active > a.u-button-style.u-button-style.u-active-custom-color-1,\n        li.active > a.u-button-style.u-button-style.u-active-custom-color-1[class*=\"u-border-\"]\n        {\n            color: var(--custom-color-1-text-color) !important;\n            background-color: var(--custom-color-1) !important;\n        }\n\n        a.u-link.u-hover-custom-color-1:hover {\n            color: var(--custom-color-1) !important;\n        }\n\n        \n\n        \n        .u-border-custom-color-1,\n        .u-separator-custom-color-1:after\n        {\n            border-color: var(--custom-color-1);\n            stroke: var(--custom-color-1);\n        }\n\n        .u-button-style.u-border-custom-color-1\n        {\n            border-color: var(--custom-color-1) !important;\n            color: var(--custom-color-1) !important;\n            background-color: transparent !important;\n        }\n\n        .u-button-style.u-border-custom-color-1:hover,\n        .u-button-style.u-border-custom-color-1:focus\n        {\n            border-color: transparent !important;\n            color: var(--custom-color-1-darker) !important;\n            background-color: transparent !important;\n        }\n\n        .u-border-hover-custom-color-1:hover,\n        .u-border-hover-custom-color-1:focus,\n        .u-border-active-custom-color-1.u-active.u-active,\n        a.u-button-style.u-border-hover-custom-color-1:hover,\n        a.u-button-style:hover > .u-border-hover-custom-color-1,\n        a.u-button-style.u-border-hover-custom-color-1:focus,\n        a.u-button-style.u-button-style.u-border-active-custom-color-1:active,\n        a.u-button-style.u-button-style.u-border-active-custom-color-1.active,\n        a.u-button-style.u-button-style.active > .u-border-active-custom-color-1,\n        li.active > a.u-button-style.u-button-style.u-border-active-custom-color-1\n        {\n            color: var(--custom-color-1) !important;\n            border-color: var(--custom-color-1) !important;\n        }\n\n        .u-link.u-border-custom-color-1[class*=\"u-border-\"]\n        {\n            border-color: var(--custom-color-1) !important;\n        }\n\n        .u-link.u-border-custom-color-1[class*=\"u-border-\"]:hover\n        {\n            border-color: var(--custom-color-1-darker) !important;\n        }\n        \n\n        \n        .u-text-custom-color-1,\n        li.active > a.u-button-style.u-text-custom-color-1,\n        li.active > a.u-button-style.u-text-custom-color-1[class*=\"u-border-\"],\n        a.u-button-style.u-text-custom-color-1,\n        a.u-button-style.u-text-custom-color-1[class*=\"u-border-\"]\n        {\n            color: var(--custom-color-1) !important;\n        }\n\n        a.u-button-style.u-text-custom-color-1:hover,\n        a.u-button-style.u-text-custom-color-1[class*=\"u-border-\"]:hover,\n        a.u-button-style.u-text-custom-color-1:focus,\n        a.u-button-style.u-text-custom-color-1[class*=\"u-border-\"]:focus,\n        a.u-button-style.u-button-style.u-text-custom-color-1:active,\n        a.u-button-style.u-button-style.u-text-custom-color-1[class*=\"u-border-\"]:active,\n        a.u-button-style.u-button-style.u-text-custom-color-1.active,\n        a.u-button-style.u-button-style.u-text-custom-color-1[class*=\"u-border-\"].active\n        {\n            color: var(--custom-color-1-darker) !important;\n        }\n\n        a.u-button-style:hover > .u-text-hover-custom-color-1,\n        a.u-button-style:hover > .u-text-hover-custom-color-1[class*=\"u-border-\"],\n        a.u-button-style.u-button-style.u-text-hover-custom-color-1:hover,\n        a.u-button-style.u-button-style.u-text-hover-custom-color-1[class*=\"u-border-\"]:hover,\n        a.u-button-style.u-button-style.u-button-style.u-text-hover-custom-color-1.active,\n        a.u-button-style.u-button-style.u-button-style.u-text-hover-custom-color-1[class*=\"u-border-\"].active,\n        a.u-button-style.u-button-style.u-button-style.u-text-hover-custom-color-1:active,\n        a.u-button-style.u-button-style.u-button-style.u-text-hover-custom-color-1[class*=\"u-border-\"]:active,\n        a.u-button-style.u-button-style.u-text-hover-custom-color-1:focus,\n        a.u-button-style.u-button-style.u-text-hover-custom-color-1[class*=\"u-border-\"]:focus,\n        a.u-button-style.u-button-style.u-button-style.u-button-style.u-text-active-custom-color-1:active,\n        a.u-button-style.u-button-style.u-button-style.u-button-style.u-text-active-custom-color-1[class*=\"u-border-\"]:active,\n        a.u-button-style.u-button-style.u-button-style.u-button-style.u-text-active-custom-color-1.active,\n        a.u-button-style.u-button-style.u-button-style.u-button-style.u-text-active-custom-color-1[class*=\"u-border-\"].active,\n        a.u-button-style.u-button-style.active > .u-text-active-custom-color-1,\n        a.u-button-style.u-button-style.active > .u-text-active-custom-color-1[class*=\"u-border-\"],\n        :not(.level-2) > .u-nav > .u-nav-item > a.u-nav-link.u-text-hover-custom-color-1:hover,\n        :not(.level-2) > .u-nav > .u-nav-item > a.u-nav-link.u-nav-link.u-text-active-custom-color-1.active,\n        .u-popupmenu-items.u-text-hover-custom-color-1 .u-nav-link:hover,\n        .u-popupmenu-items.u-popupmenu-items.u-text-active-custom-color-1 .u-nav-link.active\n        {\n            color: var(--custom-color-1) !important;\n        }\n\n        .u-text-custom-color-1 .u-svg-link,\n        .u-text-hover-custom-color-1:hover .u-svg-link,\n        .u-button-style:hover > .u-text-hover-custom-color-1 .u-svg-link,\n        .u-button-style.u-button-style.active > .u-text-active-custom-color-1 .u-svg-link,\n        .u-text-hover-custom-color-1:focus .u-svg-link\n        {\n            fill: var(--custom-color-1);\n        }\n\n        .u-link.u-text-custom-color-1:hover\n        {\n            color: var(--custom-color-1-darker) !important;\n        }\n\n        a.u-link.u-text-hover-custom-color-1:hover\n        {\n            color: var(--custom-color-1) !important;\n        }</style><style id=\"typography\" typography=\"custom-page-typography-1\">\n        .u-body\n        {\n        --title-font-weight: 400;\n        --title-font-size: 4.5rem;\n        --title-line-height: 1.1;\n        --title-margin-top: 20px;\n        --title-margin-bottom: 20px;\n        --subtitle-font-weight: 400;\n        --subtitle-font-size: 2.25rem;\n        --subtitle-line-height: 1.1;\n        --subtitle-margin-top: 20px;\n        --subtitle-margin-bottom: 20px;\n        --h1-font-weight: 400;\n        --h1-font-size: 3rem;\n        --h1-line-height: 1.1;\n        --h1-margin-top: 20px;\n        --h1-margin-bottom: 20px;\n        --h2-font-weight: 400;\n        --h2-font-size: 2.25rem;\n        --h2-line-height: 1.1;\n        --h2-margin-top: 20px;\n        --h2-margin-bottom: 20px;\n        --h3-font-weight: 400;\n        --h3-font-size: 1.875rem;\n        --h3-line-height: 1.2;\n        --h3-margin-top: 20px;\n        --h3-margin-bottom: 20px;\n        --h4-font-weight: 400;\n        --h4-font-size: 1.5rem;\n        --h4-line-height: 1.2;\n        --h4-margin-top: 20px;\n        --h4-margin-bottom: 20px;\n        --h5-font-weight: 400;\n        --h5-font-size: 1.25rem;\n        --h5-line-height: 1.2;\n        --h5-margin-top: 20px;\n        --h5-margin-bottom: 20px;\n        --h6-font-weight: 400;\n        --h6-font-size: 1.125rem;\n        --h6-line-height: 1.2;\n        --h6-margin-top: 20px;\n        --h6-margin-bottom: 20px;\n        --largeText-font-size: 1.25rem;\n        --largeText-margin-top: 20px;\n        --largeText-margin-bottom: 20px;\n        --smallText-font-size: 0.875rem;\n        --smallText-margin-top: 20px;\n        --smallText-margin-bottom: 20px;\n        --text-margin-top: 20px;\n        --text-margin-bottom: 20px;\n        --text-font-weight: 700;\n        --text-line-height: 1.6;\n        --text-color: var(--custom-color-1);\n        --text-list-icon-spacing: 0.3;\n        --text-list-icon-size: 0.8;\n        --text-alt-text-color: var(--white);\n        --hyperlink-color: var(--palette-1-base);\n        --hyperlink-alt-text-color: var(--palette-1-light-2);\n        --hyperlink-hover-color: var(--palette-1-base-darker);\n        --hyperlink-hover-alt-text-color: var(--grey-30-darker);\n        --button-margin-top: 20px;\n        --button-margin-bottom: 20px;\n        --button-background-color: var(--palette-1-base);\n        --button-color: var(--white);\n        --button-alt-background-color: var(--palette-1-light-2);\n        --button-alt-color: var(--black);\n        --button-hover-background-color: var(--palette-1-base-darker);\n        --button-hover-color: var(--white-darker);\n        --button-hover-alt-background-color: var(--palette-1-light-2-darker);\n        --button-hover-alt-color: var(--white);\n        --button-hover-background-color: var(--palette-1-base-darker);\n        --button-hover-color: var(--white-darker);\n        --button-hover-alt-background-color: var(--palette-1-light-2-darker);\n        --button-hover-alt-color: var(--white);\n        --button-active-background-color: var(--palette-1-base-darker);\n        --button-active-color: var(--white-darker);\n        --button-active-alt-background-color: var(--palette-1-light-2-darker);\n        --button-active-alt-color: var(--white);\n        --blockquote-font-style: italic;\n        --blockquote-padding-left: 20px;\n        --blockquote-border-width: 4px;\n        --blockquote-border-color: var(--palette-1-base);\n        --blockquote-margin-top: 20px;\n        --blockquote-margin-bottom: 20px;\n        --metadata-margin-top: 20px;\n        --metadata-margin-bottom: 20px;\n        --list-margin-top: 20px;\n        --list-margin-bottom: 20px;\n        --orderedlist-margin-top: 20px;\n        --orderedlist-margin-bottom: 20px;\n        --postContent-margin-top: 20px;\n        --postContent-margin-bottom: 20px;\n        --theme-sheet-width-xl: 1140px;\n        --theme-sheet-width-lg: 940px;\n        --theme-sheet-width-md: 720px;\n        --theme-sheet-width-sm: 540px;\n        --theme-sheet-width-xs: 340px;\n        --title-font-size-sm: 3.75rem;\n        --title-font-size-xs: 3rem;\n        --subtitle-font-size-xs: 1.5rem;\n        --h1-font-size-xs: 1.875rem;\n        --h2-font-size-xs: 1.5rem;\n        --h3-font-size-xs: 1.5rem;\n        }\n\n        /** common-rules **/\n        h1.u-title\n        {\n        font-weight: var(--title-font-weight);\n        font-size: var(--title-font-size);\n        line-height: var(--title-line-height);\n        margin-top: var(--title-margin-top);\n        margin-bottom: var(--title-margin-bottom);\n        }\n        h2.u-subtitle\n        {\n        font-weight: var(--subtitle-font-weight);\n        font-size: var(--subtitle-font-size);\n        line-height: var(--subtitle-line-height);\n        margin-top: var(--subtitle-margin-top);\n        margin-bottom: var(--subtitle-margin-bottom);\n        }\n        h1:not(.u-title)\n        {\n        font-weight: var(--h1-font-weight);\n        font-size: var(--h1-font-size);\n        line-height: var(--h1-line-height);\n        margin-top: var(--h1-margin-top);\n        margin-bottom: var(--h1-margin-bottom);\n        }\n        h2:not(.u-subtitle)\n        {\n        font-weight: var(--h2-font-weight);\n        font-size: var(--h2-font-size);\n        line-height: var(--h2-line-height);\n        margin-top: var(--h2-margin-top);\n        margin-bottom: var(--h2-margin-bottom);\n        }\n        h3\n        {\n        font-weight: var(--h3-font-weight);\n        font-size: var(--h3-font-size);\n        line-height: var(--h3-line-height);\n        margin-top: var(--h3-margin-top);\n        margin-bottom: var(--h3-margin-bottom);\n        }\n        h4\n        {\n        font-weight: var(--h4-font-weight);\n        font-size: var(--h4-font-size);\n        line-height: var(--h4-line-height);\n        margin-top: var(--h4-margin-top);\n        margin-bottom: var(--h4-margin-bottom);\n        }\n        h5\n        {\n        font-weight: var(--h5-font-weight);\n        font-size: var(--h5-font-size);\n        line-height: var(--h5-line-height);\n        margin-top: var(--h5-margin-top);\n        margin-bottom: var(--h5-margin-bottom);\n        }\n        h6\n        {\n        font-weight: var(--h6-font-weight);\n        font-size: var(--h6-font-size);\n        line-height: var(--h6-line-height);\n        margin-top: var(--h6-margin-top);\n        margin-bottom: var(--h6-margin-bottom);\n        }\n        p.u-large-text\n        {\n        font-size: var(--largeText-font-size);\n        margin-top: var(--largeText-margin-top);\n        margin-bottom: var(--largeText-margin-bottom);\n        }\n        p.u-small-text\n        {\n        font-size: var(--smallText-font-size);\n        margin-top: var(--smallText-margin-top);\n        margin-bottom: var(--smallText-margin-bottom);\n        }\n        p:not(.u-text-variant)\n        {\n        margin-top: var(--text-margin-top);\n        margin-bottom: var(--text-margin-bottom);\n        font-weight: var(--text-font-weight);\n        line-height: var(--text-line-height);\n        list-icon-spacing: var(--text-list-icon-spacing);\n        list-icon-size: var(--text-list-icon-size);\n        }\n        .u-btn\n        {\n        margin-top: var(--button-margin-top);\n        margin-bottom: var(--button-margin-bottom);\n        }\n        blockquote\n        {\n        font-style: var(--blockquote-font-style);\n        padding-left: var(--blockquote-padding-left);\n        border-width: var(--blockquote-border-width);\n        margin-top: var(--blockquote-margin-top);\n        margin-bottom: var(--blockquote-margin-bottom);\n        }\n        .u-metadata\n        {\n        margin-top: var(--metadata-margin-top);\n        margin-bottom: var(--metadata-margin-bottom);\n        }\n        ul:not(.u-unstyled)\n        {\n        margin-top: var(--list-margin-top);\n        margin-bottom: var(--list-margin-bottom);\n        }\n        ol\n        {\n        margin-top: var(--orderedlist-margin-top);\n        margin-bottom: var(--orderedlist-margin-bottom);\n        }\n        .u-post-content\n        {\n        margin-top: var(--postContent-margin-top);\n        margin-bottom: var(--postContent-margin-bottom);\n        }\n        /** common-rules **/\n\n        /** publish-rules **/\n        /*begin-media rules*/\n        @media (max-width: 767px) {\n        h1.u-title\n        {\n        font-size: var(--title-font-size-sm);\n        }\n        }\n        @media (max-width: 575px) {\n        h1.u-title\n        {\n        font-size: var(--title-font-size-xs);\n        }\n        }\n        @media (max-width: 575px) {\n        h2.u-subtitle\n        {\n        font-size: var(--subtitle-font-size-xs);\n        }\n        }\n        @media (max-width: 575px) {\n        h1:not(.u-title)\n        {\n        font-size: var(--h1-font-size-xs);\n        }\n        }\n        @media (max-width: 575px) {\n        h2:not(.u-subtitle)\n        {\n        font-size: var(--h2-font-size-xs);\n        }\n        }\n        @media (max-width: 575px) {\n        h3\n        {\n        font-size: var(--h3-font-size-xs);\n        }\n        }\n        /*end-media rules*/\n        /** publish-rules **/\n\n        \n\n        /** cms-rules **/\n        /*begin-responsive rules*/\n        .u-sm h1.u-title\n        {\n        font-size: var(--title-font-size-sm);\n        }\n        .u-xs h1.u-title\n        {\n        font-size: var(--title-font-size-xs);\n        }\n        .u-xs h2.u-subtitle\n        {\n        font-size: var(--subtitle-font-size-xs);\n        }\n        .u-xs h1:not(.u-title)\n        {\n        font-size: var(--h1-font-size-xs);\n        }\n        .u-xs h2:not(.u-subtitle)\n        {\n        font-size: var(--h2-font-size-xs);\n        }\n        .u-xs h3\n        {\n        font-size: var(--h3-font-size-xs);\n        }\n        /*end-responsive rules*/\n        /** cms-rules **/\n\n        /** color-rules **/\n        .u-overlap.u-overlap-transparent:not(.u-overlap-contrast) .u-header :not(.u-nav-item) > p:not(.u-text-variant),\n        .u-gradient > .u-container-layout > p:not(.u-text-variant),\n        .u-image:not(.u-shading) > .u-container-layout > p:not(.u-text-variant),\n        p:not(.u-text-variant)\n        {\n        color: var(--text-color);\n        }\n        .u-overlap.u-overlap-transparent:not(.u-overlap-contrast) .u-header :not(.u-nav-item) > a,\n        .u-gradient > .u-container-layout > a,\n        .u-image:not(.u-shading) > .u-container-layout > a,\n        a\n        {\n        color: var(--hyperlink-color);\n        }\n        .u-overlap.u-overlap-transparent:not(.u-overlap-contrast) .u-header :not(.u-nav-item) > a:hover,\n        .u-gradient > .u-container-layout > a:hover,\n        .u-image:not(.u-shading) > .u-container-layout > a:hover,\n        a:hover\n        {\n        color: var(--hyperlink-hover-color);\n        }\n        .u-overlap.u-overlap-transparent:not(.u-overlap-contrast) .u-header :not(.u-nav-item) > .u-btn,\n        .u-gradient > .u-container-layout > .u-btn,\n        .u-image:not(.u-shading) > .u-container-layout > .u-btn,\n        .u-btn\n        {\n        background-color: var(--button-background-color);\n        color: var(--button-color);\n        }\n        .u-overlap.u-overlap-transparent:not(.u-overlap-contrast) .u-header :not(.u-nav-item) > .u-btn:hover,\n        .u-gradient > .u-container-layout > .u-btn:hover,\n        .u-image:not(.u-shading) > .u-container-layout > .u-btn:hover,\n        .u-btn:hover\n        {\n        background-color: var(--button-hover-background-color);\n        color: var(--button-hover-color);\n        }\n        .u-overlap.u-overlap-transparent:not(.u-overlap-contrast) .u-header :not(.u-nav-item) > .u-btn:focus,\n        .u-gradient > .u-container-layout > .u-btn:focus,\n        .u-image:not(.u-shading) > .u-container-layout > .u-btn:focus,\n        .u-btn:focus\n        {\n        background-color: var(--button-hover-background-color);\n        color: var(--button-hover-color);\n        }\n        .u-overlap.u-overlap-transparent:not(.u-overlap-contrast) .u-header :not(.u-nav-item) > .u-btn:active,\n        .u-gradient > .u-container-layout > .u-btn:active,\n        .u-image:not(.u-shading) > .u-container-layout > .u-btn:active,\n        .u-btn:active\n        {\n        background-color: var(--button-active-background-color);\n        color: var(--button-active-color);\n        }\n        .u-overlap.u-overlap-transparent:not(.u-overlap-contrast) .u-header :not(.u-nav-item) > blockquote,\n        .u-gradient > .u-container-layout > blockquote,\n        .u-image:not(.u-shading) > .u-container-layout > blockquote,\n        blockquote\n        {\n        border-color: var(--blockquote-border-color);\n        }\n        /** color-rules **/\n\n        /** alt-color-rules **/\n        .u-custom-color-1 p:not(.u-text-variant),.u-body-color p:not(.u-text-variant),.u-palette-1-base p:not(.u-text-variant),.u-palette-1-dark-3 p:not(.u-text-variant),.u-palette-1-dark-2 p:not(.u-text-variant),.u-palette-1-dark-1 p:not(.u-text-variant),.u-palette-1 p:not(.u-text-variant),.u-palette-1-light-1 p:not(.u-text-variant),.u-palette-2-dark-3 p:not(.u-text-variant),.u-palette-2-dark-2 p:not(.u-text-variant),.u-palette-2-dark-1 p:not(.u-text-variant),.u-palette-3-base p:not(.u-text-variant),.u-palette-3-dark-3 p:not(.u-text-variant),.u-palette-3-dark-2 p:not(.u-text-variant),.u-palette-3-dark-1 p:not(.u-text-variant),.u-palette-3 p:not(.u-text-variant),.u-palette-4-base p:not(.u-text-variant),.u-palette-4-dark-3 p:not(.u-text-variant),.u-palette-4-dark-2 p:not(.u-text-variant),.u-palette-4-dark-1 p:not(.u-text-variant),.u-palette-4 p:not(.u-text-variant),.u-palette-5-dark-3 p:not(.u-text-variant),.u-palette-5-dark-2 p:not(.u-text-variant),.u-palette-5-dark-1 p:not(.u-text-variant),.u-palette-5 p:not(.u-text-variant),.u-palette-5-light-1 p:not(.u-text-variant),.u-grey-40 p:not(.u-text-variant),.u-grey-30 p:not(.u-text-variant),.u-grey-90 p:not(.u-text-variant),.u-grey-80 p:not(.u-text-variant),.u-grey-75 p:not(.u-text-variant),.u-black p:not(.u-text-variant),.u-grey-70 p:not(.u-text-variant),.u-grey-60 p:not(.u-text-variant),.u-grey-50 p:not(.u-text-variant),.u-grey-dark-3 p:not(.u-text-variant),.u-grey-dark-2 p:not(.u-text-variant),.u-grey-dark-1 p:not(.u-text-variant),.u-grey p:not(.u-text-variant),.u-shading p:not(.u-text-variant),.u-overlap-contrast .u-header p:not(.u-text-variant):not(.u-nav-link):not(.u-btn)\n        {\n        color: var(--text-alt-text-color);\n        }\n        .u-custom-color-1 a,.u-body-color a,.u-palette-1-base a,.u-palette-1-dark-3 a,.u-palette-1-dark-2 a,.u-palette-1-dark-1 a,.u-palette-1 a,.u-palette-1-light-1 a,.u-palette-2-dark-3 a,.u-palette-2-dark-2 a,.u-palette-2-dark-1 a,.u-palette-3-base a,.u-palette-3-dark-3 a,.u-palette-3-dark-2 a,.u-palette-3-dark-1 a,.u-palette-3 a,.u-palette-4-base a,.u-palette-4-dark-3 a,.u-palette-4-dark-2 a,.u-palette-4-dark-1 a,.u-palette-4 a,.u-palette-5-dark-3 a,.u-palette-5-dark-2 a,.u-palette-5-dark-1 a,.u-palette-5 a,.u-palette-5-light-1 a,.u-grey-40 a,.u-grey-30 a,.u-grey-90 a,.u-grey-80 a,.u-grey-75 a,.u-black a,.u-grey-70 a,.u-grey-60 a,.u-grey-50 a,.u-grey-dark-3 a,.u-grey-dark-2 a,.u-grey-dark-1 a,.u-grey a,.u-shading a,.u-overlap-contrast .u-header a:not(.u-nav-link):not(.u-btn)\n        {\n        color: var(--hyperlink-alt-text-color);\n        }\n        .u-custom-color-1 a:hover,.u-body-color a:hover,.u-palette-1-base a:hover,.u-palette-1-dark-3 a:hover,.u-palette-1-dark-2 a:hover,.u-palette-1-dark-1 a:hover,.u-palette-1 a:hover,.u-palette-1-light-1 a:hover,.u-palette-2-dark-3 a:hover,.u-palette-2-dark-2 a:hover,.u-palette-2-dark-1 a:hover,.u-palette-3-base a:hover,.u-palette-3-dark-3 a:hover,.u-palette-3-dark-2 a:hover,.u-palette-3-dark-1 a:hover,.u-palette-3 a:hover,.u-palette-4-base a:hover,.u-palette-4-dark-3 a:hover,.u-palette-4-dark-2 a:hover,.u-palette-4-dark-1 a:hover,.u-palette-4 a:hover,.u-palette-5-dark-3 a:hover,.u-palette-5-dark-2 a:hover,.u-palette-5-dark-1 a:hover,.u-palette-5 a:hover,.u-palette-5-light-1 a:hover,.u-grey-40 a:hover,.u-grey-30 a:hover,.u-grey-90 a:hover,.u-grey-80 a:hover,.u-grey-75 a:hover,.u-black a:hover,.u-grey-70 a:hover,.u-grey-60 a:hover,.u-grey-50 a:hover,.u-grey-dark-3 a:hover,.u-grey-dark-2 a:hover,.u-grey-dark-1 a:hover,.u-grey a:hover\n        {\n        color: var(--hyperlink-hover-alt-text-color);\n        }\n        .u-custom-color-1 .u-btn,.u-body-color .u-btn,.u-palette-1-base .u-btn,.u-palette-1-dark-3 .u-btn,.u-palette-1-dark-2 .u-btn,.u-palette-1-dark-1 .u-btn,.u-palette-1 .u-btn,.u-palette-1-light-1 .u-btn,.u-palette-2-dark-3 .u-btn,.u-palette-2-dark-2 .u-btn,.u-palette-2-dark-1 .u-btn,.u-palette-3-base .u-btn,.u-palette-3-dark-3 .u-btn,.u-palette-3-dark-2 .u-btn,.u-palette-3-dark-1 .u-btn,.u-palette-3 .u-btn,.u-palette-4-base .u-btn,.u-palette-4-dark-3 .u-btn,.u-palette-4-dark-2 .u-btn,.u-palette-4-dark-1 .u-btn,.u-palette-4 .u-btn,.u-palette-5-dark-3 .u-btn,.u-palette-5-dark-2 .u-btn,.u-palette-5-dark-1 .u-btn,.u-palette-5 .u-btn,.u-palette-5-light-1 .u-btn,.u-grey-40 .u-btn,.u-grey-30 .u-btn,.u-grey-90 .u-btn,.u-grey-80 .u-btn,.u-grey-75 .u-btn,.u-black .u-btn,.u-grey-70 .u-btn,.u-grey-60 .u-btn,.u-grey-50 .u-btn,.u-grey-dark-3 .u-btn,.u-grey-dark-2 .u-btn,.u-grey-dark-1 .u-btn,.u-grey .u-btn,.u-shading .u-btn,.u-overlap-contrast .u-header .u-btn\n        {\n        background-color: var(--button-alt-background-color);\n        color: var(--button-alt-color);\n        }\n        .u-custom-color-1 .u-btn:hover,.u-body-color .u-btn:hover,.u-palette-1-base .u-btn:hover,.u-palette-1-dark-3 .u-btn:hover,.u-palette-1-dark-2 .u-btn:hover,.u-palette-1-dark-1 .u-btn:hover,.u-palette-1 .u-btn:hover,.u-palette-1-light-1 .u-btn:hover,.u-palette-2-dark-3 .u-btn:hover,.u-palette-2-dark-2 .u-btn:hover,.u-palette-2-dark-1 .u-btn:hover,.u-palette-3-base .u-btn:hover,.u-palette-3-dark-3 .u-btn:hover,.u-palette-3-dark-2 .u-btn:hover,.u-palette-3-dark-1 .u-btn:hover,.u-palette-3 .u-btn:hover,.u-palette-4-base .u-btn:hover,.u-palette-4-dark-3 .u-btn:hover,.u-palette-4-dark-2 .u-btn:hover,.u-palette-4-dark-1 .u-btn:hover,.u-palette-4 .u-btn:hover,.u-palette-5-dark-3 .u-btn:hover,.u-palette-5-dark-2 .u-btn:hover,.u-palette-5-dark-1 .u-btn:hover,.u-palette-5 .u-btn:hover,.u-palette-5-light-1 .u-btn:hover,.u-grey-40 .u-btn:hover,.u-grey-30 .u-btn:hover,.u-grey-90 .u-btn:hover,.u-grey-80 .u-btn:hover,.u-grey-75 .u-btn:hover,.u-black .u-btn:hover,.u-grey-70 .u-btn:hover,.u-grey-60 .u-btn:hover,.u-grey-50 .u-btn:hover,.u-grey-dark-3 .u-btn:hover,.u-grey-dark-2 .u-btn:hover,.u-grey-dark-1 .u-btn:hover,.u-grey .u-btn:hover,.u-shading .u-btn:hover,.u-overlap-contrast .u-header .u-btn:hover\n        {\n        background-color: var(--button-hover-alt-background-color);\n        color: var(--button-hover-alt-color);\n        }\n        .u-custom-color-1 .u-btn:active,.u-body-color .u-btn:active,.u-palette-1-base .u-btn:active,.u-palette-1-dark-3 .u-btn:active,.u-palette-1-dark-2 .u-btn:active,.u-palette-1-dark-1 .u-btn:active,.u-palette-1 .u-btn:active,.u-palette-1-light-1 .u-btn:active,.u-palette-2-dark-3 .u-btn:active,.u-palette-2-dark-2 .u-btn:active,.u-palette-2-dark-1 .u-btn:active,.u-palette-3-base .u-btn:active,.u-palette-3-dark-3 .u-btn:active,.u-palette-3-dark-2 .u-btn:active,.u-palette-3-dark-1 .u-btn:active,.u-palette-3 .u-btn:active,.u-palette-4-base .u-btn:active,.u-palette-4-dark-3 .u-btn:active,.u-palette-4-dark-2 .u-btn:active,.u-palette-4-dark-1 .u-btn:active,.u-palette-4 .u-btn:active,.u-palette-5-dark-3 .u-btn:active,.u-palette-5-dark-2 .u-btn:active,.u-palette-5-dark-1 .u-btn:active,.u-palette-5 .u-btn:active,.u-palette-5-light-1 .u-btn:active,.u-grey-40 .u-btn:active,.u-grey-30 .u-btn:active,.u-grey-90 .u-btn:active,.u-grey-80 .u-btn:active,.u-grey-75 .u-btn:active,.u-black .u-btn:active,.u-grey-70 .u-btn:active,.u-grey-60 .u-btn:active,.u-grey-50 .u-btn:active,.u-grey-dark-3 .u-btn:active,.u-grey-dark-2 .u-btn:active,.u-grey-dark-1 .u-btn:active,.u-grey .u-btn:active,.u-shading .u-btn:active,.u-overlap-contrast .u-header .u-btn:active\n        {\n        background-color: var(--button-active-alt-background-color);\n        color: var(--button-active-alt-color);\n        }\n        /** alt-color-rules **/\n    </style><style id=\"font-scheme\" font-scheme=\"Montserrat-OpenSans\" heading-font=\"Montserrat,sans-serif\" text-font=\"'Open Sans',sans-serif\">.u-body {\n   --text-font: 'Open Sans',sans-serif;\n   --heading-font: Montserrat,sans-serif;\n}</style>","appVersion":"4.7.1","isTrial":false}